id;name;role;country;club
1;Sharif Mukhammad;1;Afghanistan;SKA Rostov-na-Donu
2;Berat Djimsiti;1;Albania;Atalanta BC
3;Riyad Mahrez;1;Algeria;Al-Ahli SFC
4;Roy Ledoux;1;American Samoa;Pago Youth
5;Marc Pujol Pons;1;Andorra;AC Escaldes
6;Fredy Ribeiro;1;Angola;Bodrum FK
7;Germain Hughes;1;Anguilla;Roaring Lions FC
8;Luther Wildin;1;Antigua and Barbuda;Stevenage FC
9;Lionel Messi;1;Argentina;Inter Miami CF
10;Esuard Spertsian;1;Armenia;FK Krasnodar
11;Matthew Robert Lentink;1;Aruba;GOES
12;Mathew Ryan;1;Australia;UD Levante
13;David Alaba;1;Austria;Real Madrid
14;Emin Makhmudov;1;Azerbaijan;Neftchi Baku
15;Vance Wheaton;1;Bahamas;Westside SC Renegades FC
16;Sayed Dhiya;1;Bahrain;Al-Khaldiya SC
17;Jamal Bhuyan;1;Bangladesh;Brothers Union
18;Andre Applewhaite;1;Barbados;Weymouth Wales
19;Alexander Martynovich;1;Belarus;Kairat Almaty
20;Youri Tielemans;1;Belgium;Aston Villa
21;Steve Mounie;1;Benin;Alanyaspor
22;Dante Leverock;1;Bermuda;Dandy Town FC
23;Nima Wangdi;1;Bhutan;Paro FC
24;Luis Haquin;1;Bolivia;Al-Tai
25;Edin Dzeko;1;Bosnia and Herzegovina;AC Florenz
26;Kabelo Seakanyeng;1;Botswana;MAS Fès
27;Marcos Aoás Corrêa;1;Brazil;Paris Saint-Germain
28;Tsharne Gallimore;1;British Virgin Islands;Enfield Town
29;Muhammad Azwan Ali Rahman;1;Brunei Darussalam;DPMM FC
30;Kiril Despodov;1;Bulgaria;PAOK Thessaloniki
31;Bertrand Traoré;1;Burkina Faso;AFC Sunderland
32;Frederic Nsabiyumva;1;Burundi;Västerås SK
33;Ryan Isaac Mendes;1;Cabo Verde;Igdir FK
34;Krya Saret;1;Cambodia;Preah Khan Reach Svay Rieng
35;Alphonso Davies;1;Canada;FC Bayern München
36;Dandre Rowe;1;Cayman Islands;Scholars International SC
37;Cherubin Bassé;1;Central African Republic;Red Star Bangui
38;Marius Mouandilmadji;1;Chad;Samsunspor
39;Gabriel Suazo;1;Chile;FC Sevilla
40;Yuning Zhang;1;China PR;Beijing Guoan
41;Po Liang Chen;1;Chinese Taipei;Qingdao West Coast
42;James Rodríguez;1;Colombia;NA
43;Youssouf Mchangama;1;Comoros;Djabal FC Iconi
44;Bérenger Richy Itoua;1;Congo;AS Otohô
45;Chancel Mbemba;1;Congo DR;LOSC Lille
46;Thane Pora Vogel Beal;1;Cook Islands;Tupapa Maraerenga
47;Francisco Calvo;1;Costa Rica;Al-Ettifaq FC
48;Luka Modric;1;Croatia;AC Mailand
49;Luis Javier Paradela Diaz;1;Cuba;Deportivo Saprissa
50;Kostakis Artymatas;1;Cyprus;Anorthosis Famagusta
51;Tomas Soucek;1;Czechia;West Ham United
52;Pierre Emile Højbjerg;1;Denmark;Olympique Marseille
53;Idriss Blha;1;Djibouti;AS Port
54;Travist Joseph;1;Dominica;Dublanc FC
55;Jean Carlos López Mocoso;1;Dominican Republic;Cibao FC
56;Enner Valencia Lastra;1;Ecuador;CF Pachuca
57;Mohamed Salah;1;Egypt;FC Liverpool
58;Julio Sibrian;1;El Salvador;CD Águila
59;Harry Kane;1;England;FC Bayern München
60;Karol Mets;1;Estonia;FC St. Pauli
61;Lindo Thembinkosi Mkhonta;1;Eswatini;ZESCO United FC
62;Hayder Sherefa;1;Ethiopia;Adama Ketema FC
63;Hallur Hansson;1;Faroe Islands;KÍ Klaksvík
64;Roy Krishna;1;Fiji;Bula FC
65;Lukas Hradecky;1;Finland;AS Monaco
66;Bruno Ecuele Manga;1;Gabon;Paris 13 Atletico
67;Omar Colley;1;Gambia;Al-Diraiyah FC
68;Guram Kashia;1;Georgia;Slovan Bratislava
69;Joshua Kimmich;1;Germany;FC Bayern München
70;Jordan Ayew;1;Ghana;Leicester City
71;Graeme Torrilla;1;Gibraltar;Lincoln Red Imps FC
72;Anastasios Bakasetas;1;Greece;Panathinaikos Athen
73;Regan Charles-Cook;1;Grenada;Motherwell FC
74;Jason Ryan Quitugua Cunliffe;1;Guam;FC Arizona
75;José Carlos Pinto Samayoa;1;Guatemala;Comunicaciones FC
76;Issiaga Sylla;1;Guinea;Asteras Tripolis Aktor
77;Jorge Nogueira;1;Guinea-Bissau;CD Costa do Sol
78;Antony Lozano Colon;1;Honduras;Santos Laguna
79;Hung Fai Yaap;1;Hong Kong China;Eastern
80;Dominik Szoboszlai;1;Hungary;FC Liverpool
81;Orri Óskarsson;1;Iceland;Real Sociedad San Sebastián
82;Gurpreet Singh Sandhu;1;India;Bengaluru FC
83;Jay Idzes;1;Indonesia;US Sassuolo
84;Alireza Jahanbakhsh;1;IR Iran;FCV Dender EH
85;Jalal Hasan Hachim;1;Iraq;Al-Zawraa SC
86;Eliezer Dasa;1;Israel;NEC Nijmegen
87;Gianluigi Donnarumma;1;Italy;Manchester City
88;Wataru Endo;1;Japan;FC Liverpool
89;Ehsan Haddad;1;Jordan;Al-Hussein SC (Irbid)
90;Nuraly Alip;1;Kazakhstan;Zenit St. Petersburg
91;Michael Olunga Ogada;1;Kenya;Al-Arabi SC
92;Jang Kuk Chol;1;Korea DPR;Hwaebul SC
93;Heung Min Son;1;Korea Republic;LAFC
94;Amir Rrahmani;1;Kosovo;SSC Neapel
95;Khaled Alrashidi;1;Kuwait;Kuwait SC
96;Kichin Valerii;1;Kyrgyz Republic;Bars
97;Bounphachan Bounkong;1;Laos;Svay Rieng
98;Kristers Tobers;1;Latvia;Aberdeen FC
99;Mohamad Haidar;1;Lebanon;Al-Ahed
100;Sekhoane Benedict Moerane;1;Lesotho;Orbit College
101;Murad Al-Wuheeshi;1;Libya;Al-Ahly SC
102;Nicolas Hasler;1;Liechtenstein;FC Vaduz
103;Fedor Cernych;1;Lithuania;FK Kauno Žalgiris
104;Laurent Jans;1;Luxembourg;SK Beveren
105;Man Chan;1;Macau;Benfica Macau
106;Rayan Raveloson;1;Madagascar;BSC Young Boys
107;Richard Mbulu;1;Malawi;UD Songo
108;Matthew Davies;1;Malaysia;Johor DT
109;Samooh Ali;1;Maldives;Maziya S&RC
110;Yves Bissouma;1;Mali;Tottenham Hotspur
111;Matthew Guillaumier;1;Malta;Stal Mielec
112;Aly Abeid;1;Mauritania;CFR Cluj
113;Lindsay Rose;1;Mauritius;Aris Saloniki
114;Edson Omar Alvarez Velazquez;1;Mexico;West Ham United
115;Rata Vadim;1;Moldova;FC Universitatea Cluj
116;Tsendayush Khurelbaatar;1;Mongolia;Brera Ilch FC
117;Stevan Jovetic;1;Montenegro;Omonia Nikosia
118;Brandon Comley;1;Montserrat;Walsall
119;Achraf Hakimi;1;Morocco;Paris Saint-Germain
120;Elias Pelembe;1;Mozambique;UD Songo
121;Mg Mg Lwin;1;Myanmar;Lamphun Warriors
122;Riaan Hanamub;1;Namibia;AmaZulu FC
123;Kiran Chemjong;1;Nepal;Punjab FC
124;Virgil Van Dijk;1;Netherlands;FC Liverpool
125;Morgan Mathelon;1;New Caledonia;AS Tiga Sports
126;Chris Wood;1;New Zealand;Nottingham Forest
127;Juan Barrera;1;Nicaragua;Managua FC
128;Youssouf Oumarou Aliou;1;Niger;Al-Karma
129;William Ekong;1;Nigeria;Al-Kholood Club
130;Enis Bardhi;1;North Macedonia;Bodrum FK
131;Conor Bradley;1;Northern Ireland;FC Liverpool
132;Martin Odegaard;1;Norway;FC Arsenal
133;Fayiz Alrushaidi;1;Oman;Al-Nahda Club
134;Abdullah Iqbal;1;Pakistan;Mjällby AIF
135;Musab Battat;1;Palestine;Al-Wakrah SC
136;Aníbal Godoy;1;Panama;San Diego FC
137;Raymond Gunemba;1;Papua New Guinea;Lae City FC
138;Gustavo Gomez;1;Paraguay;Sociedade Esportiva Palmeiras
139;Pedro Gallese;1;Peru;Orlando City SC
140;Amani Aguinaldo;1;Philippines;Rayong FC
141;Robert Lewandowski;1;Poland;FC Barcelona
142;Bernardo Silva;1;Portugal;Manchester City
143;Leandro Antonetti;1;Puerto Rico;Sevilla Atlético
144;Hassan Alhaydos;1;Qatar;Al-Sadd SC
145;Nathan Collins;1;Republic of Ireland;FC Brentford
146;Ianis Hagi;1;Romania;Glasgow Rangers
147;Aleksandr Golovin;1;Russia;AS Monaco
148;Bizimana Djihad;1;Rwanda;Al-Ahli SC
149;Andrew Setefano;1;Samoa;Lupe Ole Soaga
150;Matteo Vitaioli;1;San Marino;La Fiorita
151;Joel Neves;1;São Tomé and Príncipe;Oriental
152;Salem Aldawsari;1;Saudi Arabia;Al-Hilal SFC
153;Andrew Robertson;1;Scotland;FC Liverpool
154;Kalidou Koulibaly;1;Senegal;Al-Hilal SFC
155;Aleksandar Mitrovic;1;Serbia;Al-Hilal SFC
156;Elie Nelson Jr Sopha;1;Seychelles;St. Michel United
157;Mustapha Bundu;1;Sierra Leone;Plymouth Argyle
158;Hariss Harun;1;Singapore;Lion City Sailors
159;Milan Škriniar;1;Slovakia;Fenerbahce
160;Jan Oblak;1;Slovenia;Atlético Madrid
161;Javin Alick;1;Solomon Islands;Solomon Kings
162;Abdulsamed Abdullahi;1;Somalia;FK Novi Pazar
163;Ronwen Williams;1;South Africa;Mamelodi Sundowns FC
164;Atir Thomas Tom Magor;1;South Sudan;Hay Al-Wadi FC
165;Unai Simon Mendibil;1;Spain;Athletic Bilbao
166;Sujan Perera;1;Sri Lanka;TC Sports Club
167;Julani Archibald;1;St Kitts and Nevis;CD Victoria La Ceiba
168;Oalex Anderson;1;St Vincent and the Grenadines;North Carolina FC
169;Dion Malone;1;Suriname;Karmiotissa Pano Polemidion
170;Victor Lindelof;1;Sweden;Manchester United
171;Granit Xhaka;1;Switzerland;Bayer 04 Leverkusen
172;Omar Khrbin;1;Syria;Al-Wahda FC
173;Teaonui Tehau;1;Tahiti;AS Vénus Mahina
174;Akhtam Nazarov;1;Tajikistan;Istiklol Dushanbe
175;Mbwana Samatta;1;Tanzania;PAOK Thessaloniki
176;Chanathip Songkrasin;1;Thailand;BG Pathum United
177;Gali Freitas;1;Timor-Leste;PSIS Semarang
178;Dakonam Ortega Djene;1;Togo;FC Getafe
179;Hemaloto Polovili;1;Tonga;Veitongo FC
180;Kevin Molino;1;Trinidad and Tobago;Defence Force
181;Ferjani Sassi;1;Tunisia;Al-Gharafa SC
182;Hakan Calhanoglu;1;Türkiye;Inter Mailand
183;Elman Tagayev;1;Turkmenistan;Ahal FK
184;Makenson Cadet;1;Turks and Caicos Islands;SWA Sharks
185;Aucho Khalid;1;Uganda;Young Africans SC
186;Mykola Matviyenko;1;Ukraine;Shakhtar Donetsk
187;Khaseif Ali;1;United Arab Emirates;Al-Jazira Club
188;Jose Gimenez;1;Uruguay;Atlético Madrid
189;Joshua Ramos;1;US Virgin Islands;Chattanooga Red Wolfes SC
190;Tim Ream;1;USA;Charlotte FC
191;Eldor Shomurodov;1;Uzbekistan;AS Rom
192;Michel Kalmalap Coulon;1;Vanuatu;Vanuatu United FC
193;Salomón Rondón;1;Venezuela;CF Pachuca
194;Manh Do;1;Vietnam;Ha Noi FC
195;Aaron Ramsey;1;Wales;UNAM Pumas
196;Harwan Alzubaidi;1;Yemen;Al-Zawraa SC
197;Lubambo Musonda;1;Zambia;1. FC Magdeburg
198;Elias Ahmad Manouchehr;2;Afghanistan;NA
199;Sylvio Mendes Campos Júnior;2;Albania;NA
200;Vladimir Petkovic;2;Algeria;NA
201;Travis Sinapati;2;American Samoa;NA
202;Koldo Alvarez De Eulate;2;Andorra;NA
203;Patrice Alain Marie Beaumelle;2;Angola;NA
204;Cleo Hamm;2;Anguilla;NA
205;Lionel Scaloni;2;Argentina;NA
206;Melikian Iegishe;2;Armenia;NA
207;Marvic Bermudez;2;Aruba;NA
208;Tony Popovic;2;Australia;NA
209;Ralf Rangnick;2;Austria;NA
210;Aykhan Abbasov;2;Azerbaijan;NA
211;Dragan Talajic;2;Bahrain;NA
212;Javier Cabrera;2;Bangladesh;NA
213;Kent Edward Hall;2;Barbados;NA
214;Carlos Alos Ferrer;2;Belarus;NA
215;Rudi Garcia;2;Belgium;NA
216;Philip Elexious Marin;2;Belize;NA
217;Gernot Rohr;2;Benin;NA
218;Michael Findlay;2;Bermuda;NA
219;Atsushi Nakamura;2;Bhutan;NA
220;Oscar Villegas;2;Bolivia;NA
221;Sergej Barbarez;2;Bosnia and Herzegovina;NA
222;Morena Ramoreboli;2;Botswana;NA
223;Carlo Ancelotti;2;Brazil;NA
224;David Pérez Asensio;2;British Virgin Islands;NA
225;Fabio Joaquim Maciel Da Silva;2;Brunei Darussalam;NA
226;Aleksandar Dimitrov;2;Bulgaria;NA
227;Brama Traoré;2;Burkina Faso;NA
228;Patrick Sangwa Mayani;2;Burundi;NA
229;Pedro Leitão Brito;2;Cabo Verde;NA
230;Koji Gyotoku;2;Cambodia;NA
231;Martin Felix Ndtoungou Mpile;2;Cameroon;NA
232;Jesse Marsch;2;Canada;NA
233;Colin Rowe;2;Cayman Islands;NA
234;Eloge Enza-Yamissi;2;Central African Republic;NA
235;Raoul Savoy;2;Chad;NA
236;Nicolas Córdova;2;Chile;NA
237;Jiayi Shao;2;China PR;NA
238;Matthew Barry Ross;2;Chinese Taipei;NA
239;Néstor Lorenzo;2;Colombia;NA
240;Stefano Cusin;2;Comoros;NA
241;Fabrizio Cesana;2;Congo;NA
242;Sébastien Desabre;2;Congo DR;NA
243;Tuka Tisam;2;Cook Islands;NA
244;Miguel Herrera Aguirre;2;Costa Rica;NA
245;Emerse Fae;2;Côte d'Ivoire;NA
246;Zlatko Dali?;2;Croatia;NA
247;Pedro Pablo Pereira Mesa;2;Cuba;NA
248;Dean Gorre;2;Curaçao;NA
249;Apostolos Mantzios;2;Cyprus;NA
250;Jaroslav Köstl;2;Czechia;NA
251;Brian Riemer;2;Denmark;NA
252;Stéphane Nado;2;Djibouti;NA
253;Ellington Sabin;2;Dominica;NA
254;Marcelo Neveleff;2;Dominican Republic;NA
255;Sebastián Beccacece;2;Ecuador;NA
256;Hossam Hassan;2;Egypt;NA
257;Hernán Gomez;2;El Salvador;NA
258;Thomas Tuchel;2;England;NA
259;Juan Micha Obiang Bicogo;2;Equatorial Guinea;NA
260;Jürgen Henn;2;Estonia;NA
261;Sifiso Ntibane;2;Eswatini;NA
262;Mesay Teferi Kassa;2;Ethiopia;NA
263;Eydun Klakstein;2;Faroe Islands;NA
264;Stephane Auvray;2;Fiji;NA
265;Jacob Friis;2;Finland;NA
266;Didier Deschamps;2;France;NA
267;Johnathan Mckinstry;2;Gambia;NA
268;Willy Sagnol;2;Georgia;NA
269;Julian Nagelsmann;2;Germany;NA
270;Nana Otto Addo;2;Ghana;NA
271;Scott Wiseman;2;Gibraltar;NA
272;Ivan Jovanovic;2;Greece;NA
273;Anthony Modeste;2;Grenada;NA
274;Ross Michael Awa;2;Guam;NA
275;Luis Fernando Tena Garduño;2;Guatemala;NA
276;Duarte Paulo;2;Guinea;NA
277;Emiliano Te;2;Guinea-Bissau;NA
278;Thomas Dooley;2;Guyana;NA
279;Sébastien Migné;2;Haiti;NA
280;Reinaldo Rueda Rivera;2;Honduras;NA
281;Ashley Westwood;2;Hong Kong China;NA
282;Marco Rossi;2;Hungary;NA
283;Arnar Gunnlaugsson;2;Iceland;NA
284;Khalid Jamil;2;India;NA
285;Nova Arianto;2;Indonesia;NA
286;Ardeshir Ghalenoei;2;IR Iran;NA
287;Graham Arnold;2;Iraq;NA
288;Ran Ben Simon;2;Israel;NA
289;Gennaro Gattuso;2;Italy;NA
290;Hajime Moriyasu;2;Japan;NA
291;Jamal Sellami;2;Jordan;NA
292;Talgat Baisufinov;2;Kazakhstan;NA
293;Benni Mccarthy;2;Kenya;NA
294;Yun Jong Su;2;Korea DPR;NA
295;Myung Bo Hong;2;Korea Republic;NA
296;Franco Foda;2;Kosovo;NA
297;Hélio Filipe Dias De Sousa;2;Kuwait;NA
298;Urmat Abdukaimov;2;Kyrgyz Republic;NA
299;Hyeokjun Ha;2;Laos;NA
300;Paolo Nicolato;2;Latvia;NA
301;Miodrag Radulovic;2;Lebanon;NA
302;Leslie Notsi;2;Lesotho;NA
303;Alejo Cissé;2;Libya;NA
304;Konrad Fünfstück;2;Liechtenstein;NA
305;Edgaras Jankauskas;2;Lithuania;NA
306;Jeff Strasser;2;Luxembourg;NA
307;Kenneth Kar Lok Kwok;2;Macau;NA
308;Corentin Martins;2;Madagascar;NA
309;Kalisto Pasuwa;2;Malawi;NA
310;Peter Cklamovski;2;Malaysia;NA
311;Mohamed Siyaz;2;Maldives;NA
312;Tom Saintfiet;2;Mali;NA
313;Emilio De Leo;2;Malta;NA
314;Aritz López Garay;2;Mauritania;NA
315;Guillaume Moullec;2;Mauritius;NA
316;Javier Aguirre Onaindia;2;Mexico;NA
317;Lilian Popescu;2;Moldova;NA
318;Garidmagnai Bayasgalan;2;Mongolia;NA
319;Mirko Vu?ini?;2;Montenegro;NA
320;Angus Eve;2;Montserrat;NA
321;Hoalid Regragui;2;Morocco;NA
322;Francisco Queriol Conde Junior;2;Mozambique;NA
323;Myo Hlaing Win;2;Myanmar;NA
324;Collin Benjamin;2;Namibia;NA
325;Hari Khadka;2;Nepal;NA
326;Ronald Koeman;2;Netherlands;NA
327;Johan Sidaner;2;New Caledonia;NA
328;Darren Bazeley;2;New Zealand;NA
329;Marco Figueroamontero;2;Nicaragua;NA
330;Zakariaou Ibrahim;2;Niger;NA
331;Blagoja Milevski;2;North Macedonia;NA
332;Michael Oneill;2;Northern Ireland;NA
333;Ståle Solbakken;2;Norway;NA
334;Carlos Queiroz;2;Oman;NA
335;Nolberto Albino Solano Todco;2;Pakistan;NA
336;Ehab Abu Jazar;2;Palestine;NA
337;Thomas Christiansen Tarin;2;Panama;NA
338;David Muta;2;Papua New Guinea;NA
339;Gustavo Alfaro;2;Paraguay;NA
340;Manuel Barreto;2;Peru;NA
341;Carles Cuadrat;2;Philippines;NA
342;Jan Urban;2;Poland;NA
343;Roberto Martinez;2;Portugal;NA
344;Charlie Trout;2;Puerto Rico;NA
345;Julen Lopetegui;2;Qatar;NA
346;Heimir Hallgrimsson;2;Republic of Ireland;NA
347;Mircea Lucescu;2;Romania;NA
348;Valeri Karpin;2;Russia;NA
349;Adel Amrouche;2;Rwanda;NA
350;Valerio Raccuglia;2;Samoa;NA
351;Roberto Cevoli;2;San Marino;NA
352;Ricardo Monsanto;2;São Tomé and Príncipe;NA
353;Hervé Renard;2;Saudi Arabia;NA
354;Steve Clarke;2;Scotland;NA
355;Pape Bouna Thiaw;2;Senegal;NA
356;Veljko Paunovic;2;Serbia;NA
357;Ralph Jean-Louis;2;Seychelles;NA
358;Mohamed Kallon;2;Sierra Leone;NA
359;Gavin Lee;2;Singapore;NA
360;Francesco Calzona;2;Slovakia;NA
361;Kek Matjaz;2;Slovenia;NA
362;Josh Smith;2;Solomon Islands;NA
363;Yusuf Ali;2;Somalia;NA
364;Hugo Broos;2;South Africa;NA
365;Simon James Yor Kak;2;South Sudan;NA
366;Luis De La Fuente Castillo;2;Spain;NA
367;Abdullah Almutairi;2;Sri Lanka;NA
368;Travis Rogers;2;St Kitts and Nevis;NA
369;Stern John;2;St Lucia;NA
370;Ezra Hendrickson;2;St Vincent and the Grenadines;NA
371;James Appiah;2;Sudan;NA
372;Stanley Menzo;2;Suriname;NA
373;Graham Potter;2;Sweden;NA
374;Murat Yakin;2;Switzerland;NA
375;Jose Lana Fernández;2;Syria;NA
376;Raimana Buluc;2;Tahiti;NA
377;Goran Stevanovic;2;Tajikistan;NA
378;Miguel Angel Gamondi;2;Tanzania;NA
379;Anthony Hudson;2;Thailand;NA
380;José Pedro Alves Salazar;2;Timor-Leste;NA
381;Daré Nibombe;2;Togo;NA
382;Kilifi Solia Uele;2;Tonga;NA
383;Dwight Yorke;2;Trinidad and Tobago;NA
384;Trabelsi Sami;2;Tunisia;NA
385;Vincenzo Montella;2;Türkiye;NA
386;Rovshen Meredov;2;Turkmenistan;NA
387;Aaron Lawrence;2;Turks and Caicos Islands;NA
388;Put Paul Joseph F;2;Uganda;NA
389;Serhii Rebrov;2;Ukraine;NA
390;Olaroiu Cosmin;2;United Arab Emirates;NA
391;Marcelo Bielsa;2;Uruguay;NA
392;Terrence Jones;2;US Virgin Islands;NA
393;Mauricio Pochettino;2;USA;NA
394;Fabio Cannavaro;2;Uzbekistan;NA
395;Lars Hopp;2;Vanuatu;NA
396;Oswaldo Vizcarrondo;2;Venezuela;NA
397;Sang Sik Kim;2;Vietnam;NA
398;Noureddine Ould Ali;2;Yemen;NA
399;Moses Sichone;2;Zambia;NA
400;Mario Marinica;2;Zimbabwe;NA
401;Sayer Zaland;3;Afghanistan;NA
402;Endi Tufa;3;Albania;NA
403;Mohammed Rachid Belarbi;3;Algeria;NA
404;Victor Duaso Saludas;3;Andorra;NA
405;Geraldo Quiala;3;Angola;NA
406;Claudio Mauri;3;Argentina;NA
407;Robert Gasparyan;3;Armenia;NA
408;Andrew Vrolijk;3;Aruba;NA
409;Vince Rugari;3;Australia;NA
410;Stefan Grüneis;3;Austria;NA
411;Rasim Mövsümov;3;Azerbaijan;NA
412;Abdulla Ashoor;3;Bahrain;NA
413;Zaman Rejwan Uz;3;Bangladesh;NA
414;Sergey Nikolaev;3;Belarus;NA
415;Terreur Kristof;3;Belgium;NA
416;Mehluli Sibanda;3;Bermuda;NA
417;Thinley Namgay;3;Bhutan;NA
418;Rainer Durán Urquizu;3;Bolivia;NA
419;Emir Deli?;3;Bosnia and Herzegovina;NA
420;Gaone Pearl Kerileng;3;Botswana;NA
421;Carlos Eduardo Mansur;3;Brazil;NA
422;Boyan Boychev;3;Bulgaria;NA
423;Siriki Dramé;3;Burkina Faso;NA
424;Liliane Nshimirimana;3;Burundi;NA
425;Chamroeun Ung;3;Cambodia;NA
426;Angu Lesley Ngwa Akonwi;3;Cameroon;NA
427;Neil Davidson;3;Canada;NA
428;Bienvenu Elie Gbelo;3;Central African Republic;NA
429;Salahadine Mahamat Sabour;3;Chad;NA
430;Danilo Díaz;3;Chile;NA
431;Dexing Ma;3;China PR;NA
432;Chihwei Hung;3;Chinese Taipei;NA
433;Fernando Diego Rueda Medina;3;Colombia;NA
434;Elie-Dine Djouma;3;Comoros;NA
435;Michel Tobo;3;Congo DR;NA
436;Rashneel Kumar Madhur;3;Cook Islands;NA
437;David Goldberg;3;Costa Rica;NA
438;Malick Traoré;3;Côte d'Ivoire;NA
439;Robert Matteoni;3;Croatia;NA
440;Yasiel Cancio;3;Cuba;NA
441;Carl Ruiter;3;Curaçao;NA
442;Andreas Violaris;3;Cyprus;NA
443;Jan Pali?ka;3;Czechia;NA
444;Klaus Egelund;3;Denmark;NA
445;Yacin Ahmed Moussa;3;Djibouti;NA
446;Garvin Richards;3;Dominica;NA
447;Jorge Rolando `;3;Dominican Republic;NA
448;Tito Rosales Cox;3;Ecuador;NA
449;Hady Elmadany;3;Egypt;NA
450;Josué Valiente;3;El Salvador;NA
451;John Cross;3;England;NA
452;Yolanda Aseco Esono Mangue;3;Equatorial Guinea;NA
453;Michael Seium;3;Eritrea;NA
454;Aet Süvari;3;Estonia;NA
455;Ashmond Innocent Nzima;3;Eswatini;NA
456;Hussen Abdulkeni;3;Ethiopia;NA
457;Símun Christian Olsen;3;Faroe Islands;NA
458;Anssi Karjalainen;3;Finland;NA
459;Cyrille De La Morinerie;3;France;NA
460;Momodou Bah;3;Gambia;NA
461;Namuka Kvaratskhelia;3;Georgia;NA
462;Georg Holzner;3;Germany;NA
463;Gary Al-Smith;3;Ghana;NA
464;Stephen Ignacio;3;Gibraltar;NA
465;Nikolaos Kotsis;3;Greece;NA
466;Michael Bascombe;3;Grenada;NA
467;Joseph Santo Tomas;3;Guam;NA
468;Carlos Marín;3;Guatemala;NA
469;Alpha Mady Touré;3;Guinea;NA
470;Rawle Toney;3;Guyana;NA
471;Lutherson Léon;3;Haiti;NA
472;Gonzalo Carías;3;Honduras;NA
473;Ho Yin Kwok;3;Hong Kong China;NA
474;György Szöllösi;3;Hungary;NA
475;Vidir Sigurdsson;3;Iceland;NA
476;Dhiman Sarkar;3;India;NA
477;Muhamad Rais Adnan;3;Indonesia;NA
478;Masoud Hossein;3;IR Iran;NA
479;Arshed Alsaedi;3;Iraq;NA
480;Uri Dagon;3;Israel;NA
481;Pierluigi Pardo;3;Italy;NA
482;Brian Lewis;3;Jamaica;NA
483;Hideo Tamaru;3;Japan;NA
484;Taiser Alomiri;3;Jordan;NA
485;Geniy Tulegenov;3;Kazakhstan;NA
486;Eric Njiru;3;Kenya;NA
487;Gun Lee;3;Korea Republic;NA
488;Lavdim Pireva;3;Kosovo;NA
489;Abdulaziz Jassim;3;Kuwait;NA
490;Bakyt Shukuraliev;3;Kyrgyz Republic;NA
491;Ekasanh Thipphachack;3;Laos;NA
492;Ilvars Koscinkevics;3;Latvia;NA
493;Hachem Makkeh;3;Lebanon;NA
494;Moorosi Simon Tsiane;3;Lesotho;NA
495;Anthony Kokoi;3;Liberia;NA
496;Haithem Elamari;3;Libya;NA
497;Jan Stärker;3;Liechtenstein;NA
498;Mindaugas Augustis;3;Lithuania;NA
499;Christelle Diederich;3;Luxembourg;NA
500;Samson Randrianiheriniaina;3;Madagascar;NA
501;Peter Kanjere;3;Malawi;NA
502;Ajitpal Singh Dhaliwal;3;Malaysia;NA
503;Azzam Ali;3;Maldives;NA
504;Boubacar Diakite;3;Mali;NA
505;Domenic Aquilina;3;Malta;NA
506;Brahim Sow Deïna;3;Mauritania;NA
507;Francisco Javier González;3;Mexico;NA
508;Alexandru Fosa;3;Moldova;NA
509;Enkhtuvshin Tserensodnom;3;Mongolia;NA
510;Danilo Mitrovic;3;Montenegro;NA
511;Basil Chambers;3;Montserrat;NA
512;Jalal Bounouar;3;Morocco;NA
513;João Arnaldo Carlija Chivale;3;Mozambique;NA
514;Sheefeni Nikodemus;3;Namibia;NA
515;Bikram Thapa;3;Nepal;NA
516;Jaap De Groot;3;Netherlands;NA
517;Martin Charmasson;3;New Caledonia;NA
518;Michael Burgess;3;New Zealand;NA
519;Jose Nectali Mora Zeledon;3;Nicaragua;NA
520;Abdel Malik Koudizé;3;Niger;NA
521;Oluwashina Okeleji;3;Nigeria;NA
522;Igor Panevski;3;North Macedonia;NA
523;Mark Mcintosh;3;Northern Ireland;NA
524;Morten Pedersen;3;Norway;NA
525;Nasser Darwish;3;Oman;NA
526;Chaudhry Muhammad Ashraf;3;Pakistan;NA
527;Majdi Qasem;3;Palestine;NA
528;David Samudio Garay;3;Panama;NA
529;Patricia Keamo;3;Papua New Guinea;NA
530;Edgar Cantero;3;Paraguay;NA
531;Pedro Eduardo Canelo Quispe;3;Peru;NA
532;Ryan Fenix;3;Philippines;NA
533;Michal Pol;3;Poland;NA
534;Vítor Serpa;3;Portugal;NA
535;Esteban Pagán Rivera;3;Puerto Rico;NA
536;Ali Almslmani;3;Qatar;NA
537;Philip Quinn;3;Republic of Ireland;NA
538;Theodor Jumatate;3;Romania;NA
539;Oleg Koshelev;3;Russia;NA
540;Eddie Nsabimana;3;Rwanda;NA
541;Elia Gorini;3;San Marino;NA
542;Sultan Almohawes;3;Saudi Arabia;NA
543;Scott Mcdermott;3;Scotland;NA
544;Thierno Souleymane Diallo;3;Senegal;NA
545;Milan Rasevic;3;Serbia;NA
546;Sahr Morris Jr;3;Sierra Leone;NA
547;David Lee;3;Singapore;NA
548;Michal Zeman;3;Slovakia;NA
549;Anze Baselj;3;Slovenia;NA
550;Crofton Utukana;3;Solomon Islands;NA
551;Gamadiid Guurre;3;Somalia;NA
552;Robert Marawa;3;South Africa;NA
553;Albino Kuek Deng Kuach;3;South Sudan;NA
554;Juan Ignacio Gallardo;3;Spain;NA
555;Neville Victor Anthony;3;Sri Lanka;NA
556;Terry Finisterre;3;St Lucia;NA
557;Tahir Salih;3;Sudan;NA
558;Desney Romeo;3;Suriname;NA
559;Simon Bank;3;Sweden;NA
560;Tobias Wedermann;3;Switzerland;NA
561;Mohamad Nadim Aljabi;3;Syria;NA
562;Olivier Huc;3;Tahiti;NA
563;Faridun Saliev;3;Tajikistan;NA
564;Evance Joseph Mhando;3;Tanzania;NA
565;Kim Junumporn;3;Thailand;NA
566;Kodjo Sedem Gounoubou;3;Togo;NA
567;Justin Akauola;3;Tonga;NA
568;Ian Prescott;3;Trinidad and Tobago;NA
569;Tarek Ghdiri;3;Tunisia;NA
570;Serkan Saydam;3;Türkiye;NA
571;Alexander Vershinin;3;Turkmenistan;NA
572;Mayamba Stephen;3;Uganda;NA
573;Valerii Novobranets;3;Ukraine;NA
574;Omran Mohamed;3;United Arab Emirates;NA
575;Rómulo Martínez Chenlo;3;Uruguay;NA
576;Amara Gilbert;3;US Virgin Islands;NA
577;Douglas Mcintyre;3;USA;NA
578;Davron Fayziev;3;Uzbekistan;NA
579;Humberto Perozo Suárez;3;Venezuela;NA
580;Minh Viet Nguyen;3;Vietnam;NA
581;Paul Abbandonato;3;Wales;NA
582;Basheer Senan;3;Yemen;NA
583;Elias Chipepo;3;Zambia;NA
584;Sikhumbuzo Moyo;3;Zimbabwe;NA
585;Ousmane Dembélé;4;France;Paris Saint-Germain
586;Kylian Mbappé;4;France;Real Madrid
587;Lamine Yamal;4;Spain;FC Barcelona
588;Vitinha;4;Portugal;Paris Saint-Germain
589;Pedri;4;Spain;FC Barcelona
590;Raphinha;4;Brazil;FC Barcelona
591;Cole Palmer;4;England;FC Chelsea
592;Nuno Mendes;4;Portugal;Paris Saint-Germain
593;Achraf Hakimi;5;Morocco;Paris Saint-Germain
594;Harry Kane;5;England ;FC Bayern München
595;Mohamed Salah;5;Egypt;FC Liverpool
;;;;
;;;;
;;;;
;;;;
;;;;
;;;;
