from;to;weight;relationship;year;;
Sharif Mukhammad;Ousmane Dembélé;5;4;2025;;
Berat Djimsiti;Ousmane Dembélé;5;4;2025;;
Riyad Mahrez;Ousmane Dembélé;5;4;2025;;
Roy Ledoux;  Lamine Yamal ;5;4;2025;;
Marc Pujol Pons;    Pedri ;5;4;2025;;
Fredy Ribeiro;Ousmane Dembélé;5;4;2025;;
Germain Hughes;Ousmane Dembélé;5;4;2025;;
Luther Wildin;Ousmane Dembélé;5;4;2025;;
Lionel Messi;Ousmane Dembélé;5;4;2025;;
Esuard Spertsian;Ousmane Dembélé;5;4;2025;;
Matthew Robert Lentink;    Vitinha ;5;4;2025;;
Mathew Ryan;   Harry Kane ;5;4;2025;;
David Alaba;  Kylian Mbappé ;5;2;2025;;
Emin Makhmudov;  Kylian Mbappé ;5;4;2025;;
Vance Wheaton;Ousmane Dembélé;5;4;2025;;
Sayed Dhiya;    Pedri ;5;4;2025;;
Jamal Bhuyan;    Vitinha ;5;4;2025;;
Andre Applewhaite;  Nuno Mendes ;5;4;2025;;
Alexander Martynovich;  Lamine Yamal ;5;4;2025;;
Youri Tielemans;Ousmane Dembélé;5;4;2025;;
Steve Mounie;Ousmane Dembélé;5;4;2025;;
Dante Leverock;  Kylian Mbappé ;5;4;2025;;
Nima Wangdi;  Nuno Mendes ;5;4;2025;;
Luis Haquin;Ousmane Dembélé;5;4;2025;;
Edin Dzeko;Ousmane Dembélé;5;4;2025;;
Kabelo Seakanyeng;  Achraf Hakimi ;5;4;2025;;
Marcos Aoás Corrêa;Ousmane Dembélé;5;2;2025;;
Tsharne Gallimore;Ousmane Dembélé;5;4;2025;;
Muhammad Azwan Ali Rahman;  Lamine Yamal ;5;4;2025;;
Kiril Despodov;Ousmane Dembélé;5;4;2025;;
Bertrand Traoré;Ousmane Dembélé;5;4;2025;;
Frederic Nsabiyumva;Ousmane Dembélé;5;4;2025;;
Ryan Isaac Mendes;    Vitinha ;5;4;2025;;
Krya Saret;Ousmane Dembélé;5;4;2025;;
Alphonso Davies;  Harry Kane ;5;2;2025;;
Dandre Rowe;  Lamine Yamal ;5;4;2025;;
Cherubin Bassé;Ousmane Dembélé;5;4;2025;;
Marius Mouandilmadji;Ousmane Dembélé;5;4;2025;;
Gabriel Suazo;Ousmane Dembélé;5;4;2025;;
Yuning Zhang; Kylian Mbappé ;5;4;2025;;
Po Liang Chen;Ousmane Dembélé;5;4;2025;;
James Rodríguez;Ousmane Dembélé;5;4;2025;;
Youssouf Mchangama;  Achraf Hakimi ;5;4;2025;;
Bérenger Richy Itoua;  Achraf Hakimi ;5;4;2025;;
Chancel Mbemba;Ousmane Dembélé;5;4;2025;;
Thane Pora Vogel Beal;  Cole Palmer ;5;4;2025;;
Francisco Calvo; Kylian Mbappé ;5;4;2025;;
Luka Modric;    Vitinha ;5;4;2025;;
Luis Javier Paradela Diaz;Ousmane Dembélé;5;4;2025;;
Kostakis Artymatas;Ousmane Dembélé;5;4;2025;;
Tomas Soucek;Ousmane Dembélé;5;4;2025;;
Pierre Emile Højbjerg;Ousmane Dembélé;5;4;2025;;
Idriss Blha;  Lamine Yamal ;5;4;2025;;
Travist Joseph;  Nuno Mendes ;5;4;2025;;
Jean Carlos López Mocoso; Kylian Mbappé ;5;4;2025;;
Enner Valencia Lastra;Ousmane Dembélé;5;4;2025;;
Mohamed Salah;  Achraf Hakimi ;5;4;2025;;
Julio Sibrian;Ousmane Dembélé;5;4;2025;;
Harry Kane;Ousmane Dembélé;5;4;2025;;
Karol Mets;Ousmane Dembélé;5;4;2025;;
Lindo Thembinkosi Mkhonta;  Achraf Hakimi ;5;4;2025;;
Hayder Sherefa;Ousmane Dembélé;5;4;2025;;
Hallur Hansson;Ousmane Dembélé;5;4;2025;;
Roy Krishna;Ousmane Dembélé;5;4;2025;;
Lukas Hradecky;Vitinha;5;4;2025;;
Bruno Ecuele Manga;  Achraf Hakimi ;5;4;2025;;
Omar Colley;Ousmane Dembélé;5;4;2025;;
Guram Kashia;Ousmane Dembélé;5;4;2025;;
Joshua Kimmich;    Vitinha ;5;4;2025;;
Jordan Ayew;  Cole Palmer ;5;4;2025;;
Graeme Torrilla;   Raphinha ;5;4;2025;;
Anastasios Bakasetas;Ousmane Dembélé;5;4;2025;;
Regan Charles-Cook;Ousmane Dembélé;5;4;2025;;
Jason Ryan Quitugua Cunliffe;Ousmane Dembélé;5;4;2025;;
José Carlos Pinto Samayoa;Ousmane Dembélé;5;4;2025;;
Issiaga Sylla; Kylian Mbappé ;5;4;2025;;
Jorge Nogueira;  Nuno Mendes ;5;4;2025;;
Antony Lozano Colon;    Vitinha ;5;4;2025;;
Hung Fai Yaap;Ousmane Dembélé;5;4;2025;;
Dominik Szoboszlai; Mohamed Salah ;5;2;2025;;
Orri Óskarsson; Kylian Mbappé ;5;4;2025;;
Gurpreet Singh Sandhu;Ousmane Dembélé;5;4;2025;;
Jay Idzes;Ousmane Dembélé;5;4;2025;;
Alireza Jahanbakhsh;Ousmane Dembélé;5;4;2025;;
Jalal Hasan Hachim; Kylian Mbappé ;5;4;2025;;
Eliezer Dasa;    Vitinha ;5;4;2025;;
Gianluigi Donnarumma;Ousmane Dembélé;5;2;2025;;
Wataru Endo; Mohamed Salah ;5;2;2025;;
Ehsan Haddad;  Achraf Hakimi ;5;4;2025;;
Nuraly Alip;Ousmane Dembélé;5;4;2025;;
Michael Olunga Ogada;  Achraf Hakimi ;5;4;2025;;
Jang Kuk Chol; Kylian Mbappé ;5;4;2025;;
Heung Min Son;Ousmane Dembélé;5;4;2025;;
Amir Rrahmani;Ousmane Dembélé;5;4;2025;;
Khaled Alrashidi;Ousmane Dembélé;5;4;2025;;
Kichin Valerii;  Nuno Mendes ;5;4;2025;;
Bounphachan Bounkong; Kylian Mbappé ;5;4;2025;;
Kristers Tobers;Ousmane Dembélé;5;4;2025;;
Mohamad Haidar;Ousmane Dembélé;5;4;2025;;
Sekhoane Benedict Moerane;Ousmane Dembélé;5;4;2025;;
Murad Al-Wuheeshi;  Kylian Mbappé ;5;4;2025;;
Nicolas Hasler;  Lamine Yamal ;5;4;2025;;
Fedor Cernych;Ousmane Dembélé;5;4;2025;;
Laurent Jans;    Vitinha ;5;4;2025;;
Man Chan;  Achraf Hakimi ;5;4;2025;;
Rayan Raveloson;Ousmane Dembélé;5;4;2025;;
Richard Mbulu;Ousmane Dembélé;5;4;2025;;
Matthew Davies;   Harry Kane ;5;4;2025;;
Samooh Ali;Ousmane Dembélé;5;4;2025;;
Yves Bissouma;Ousmane Dembélé;5;4;2025;;
Matthew Guillaumier;Ousmane Dembélé;5;4;2025;;
Aly Abeid;Ousmane Dembélé;5;4;2025;;
Lindsay Rose;    Vitinha ;5;4;2025;;
Edson Omar Alvarez Velazquez;Ousmane Dembélé;5;4;2025;;
Rata Vadim;  Lamine Yamal ;5;4;2025;;
Tsendayush Khurelbaatar;  Kylian Mbappé ;5;4;2025;;
Stevan Jovetic;  Lamine Yamal ;5;4;2025;;
Brandon Comley;Ousmane Dembélé;5;4;2025;;
Achraf Hakimi;  Kylian Mbappé ;5;4;2025;;
Elias Pelembe;  Lamine Yamal ;5;4;2025;;
Mg Mg Lwin;Ousmane Dembélé;5;4;2025;;
Riaan Hanamub;Ousmane Dembélé;5;4;2025;;
Kiran Chemjong;Ousmane Dembélé;5;4;2025;;
Virgil Van Dijk; Mohamed Salah ;5;2;2025;;
Morgan Mathelon;Ousmane Dembélé;5;4;2025;;
Chris Wood;Ousmane Dembélé;5;4;2025;;
Juan Barrera;Ousmane Dembélé;5;4;2025;;
Youssouf Oumarou Aliou;  Achraf Hakimi ;5;4;2025;;
William Ekong;Ousmane Dembélé;5;4;2025;;
Enis Bardhi;Ousmane Dembélé;5;4;2025;;
Conor Bradley;  Lamine Yamal ;5;4;2025;;
Martin Odegaard;Ousmane Dembélé;5;4;2025;;
Fayiz Alrushaidi;Kylian Mbappé;5;4;2025;;
Abdullah Iqbal;Ousmane Dembélé;5;4;2025;;
Musab Battat;  Achraf Hakimi ;5;4;2025;;
Aníbal Godoy;Ousmane Dembélé;5;4;2025;;
Raymond Gunemba; Mohamed Salah ;5;4;2025;;
Gustavo Gomez;Ousmane Dembélé;5;4;2025;;
Pedro Gallese; Kylian Mbappé ;5;4;2025;;
Amani Aguinaldo;Ousmane Dembélé;5;4;2025;;
Robert Lewandowski;  Lamine Yamal ;5;2;2025;;
Bernardo Silva;    Vitinha ;5;1;2025;;
Leandro Antonetti;Ousmane Dembélé;5;4;2025;;
Hassan Alhaydos;  Achraf Hakimi ;5;4;2025;;
Nathan Collins;Ousmane Dembélé;5;4;2025;;
Ianis Hagi;  Lamine Yamal ;5;4;2025;;
Aleksandr Golovin; Kylian Mbappé ;5;4;2025;;
Bizimana Djihad;  Achraf Hakimi ;5;4;2025;;
Andrew Setefano; Mohamed Salah ;5;4;2025;;
Matteo Vitaioli;  Lamine Yamal ;5;4;2025;;
Joel Neves;  Achraf Hakimi ;5;4;2025;;
Salem Aldawsari;Ousmane Dembélé;5;4;2025;;
Andrew Robertson; Mohamed Salah ;5;2;2025;;
Kalidou Koulibaly;Ousmane Dembélé;5;4;2025;;
Aleksandar Mitrovic;Ousmane Dembélé;5;4;2025;;
Elie Nelson Jr Sopha;   Raphinha ;5;4;2025;;
Mustapha Bundu;Ousmane Dembélé;5;4;2025;;
Hariss Harun;Ousmane Dembélé;5;4;2025;;
Milan Škriniar;Ousmane Dembélé;5;4;2025;;
Jan Oblak;Ousmane Dembélé;5;4;2025;;
Javin Alick;  Lamine Yamal ;5;4;2025;;
Abdulsamed Abdullahi;Ousmane Dembélé;5;4;2025;;
Ronwen Williams;Ousmane Dembélé;5;4;2025;;
Atir Thomas Tom Magor;Ousmane Dembélé;5;4;2025;;
Unai Simon Mendibil;  Lamine Yamal ;5;1;2025;;
Sujan Perera;Ousmane Dembélé;5;4;2025;;
Julani Archibald;Ousmane Dembélé;5;4;2025;;
Oalex Anderson;Ousmane Dembélé;5;4;2025;;
Dion Malone;Ousmane Dembélé;5;4;2025;;
Victor Lindelof;Ousmane Dembélé;5;4;2025;;
Granit Xhaka;Ousmane Dembélé;5;4;2025;;
Omar Khrbin;Ousmane Dembélé;5;4;2025;;
Teaonui Tehau;  Kylian Mbappé ;5;4;2025;;
Akhtam Nazarov;  Kylian Mbappé ;5;4;2025;;
Mbwana Samatta;Ousmane Dembélé;5;4;2025;;
Chanathip Songkrasin;Ousmane Dembélé;5;4;2025;;
Gali Freitas;  Kylian Mbappé ;5;4;2025;;
Dakonam Ortega Djene;  Achraf Hakimi ;5;4;2025;;
Hemaloto Polovili;   Raphinha ;5;4;2025;;
Kevin Molino;  Cole Palmer ;5;4;2025;;
Ferjani Sassi;  Achraf Hakimi ;5;4;2025;;
Hakan Calhanoglu;Ousmane Dembélé;5;4;2025;;
Elman Tagayev;  Lamine Yamal ;5;4;2025;;
Makenson Cadet;Ousmane Dembélé;5;4;2025;;
Aucho Khalid;   Raphinha ;5;4;2025;;
Mykola Matviyenko;  Kylian Mbappé ;5;4;2025;;
Khaseif Ali; Mohamed Salah ;5;4;2025;;
Jose Gimenez;Ousmane Dembélé;5;4;2025;;
Joshua Ramos;  Kylian Mbappé ;5;4;2025;;
Tim Ream;Ousmane Dembélé;5;4;2025;;
Eldor Shomurodov;   Raphinha ;5;4;2025;;
Michel Kalmalap Coulon;Ousmane Dembélé;5;4;2025;;
Salomón Rondón;Ousmane Dembélé;5;4;2025;;
Manh Do;Ousmane Dembélé;5;4;2025;;
Aaron Ramsey;Ousmane Dembélé;5;4;2025;;
Harwan Alzubaidi;Ousmane Dembélé;5;4;2025;;
Lubambo Musonda;Ousmane Dembélé;5;4;2025;;
Elias Ahmad Manouchehr;  Kylian Mbappé ;5;4;2025;;
Sylvio Mendes Campos Júnior;Ousmane Dembélé;5;4;2025;;
Vladimir Petkovic;Ousmane Dembélé;5;4;2025;;
Travis Sinapati;Nuno Mendes;5;4;2025;;
Koldo Alvarez De Eulate;  Lamine Yamal ;5;4;2025;;
Patrice Alain Marie Beaumelle;  Achraf Hakimi ;5;4;2025;;
Cleo Hamm;Ousmane Dembélé;5;4;2025;;
Lionel Scaloni; Kylian Mbappé ;5;4;2025;;
Melikian Iegishe;  Lamine Yamal ;5;4;2025;;
Marvic Bermudez;   Raphinha ;5;4;2025;;
Tony Popovic;Ousmane Dembélé;5;4;2025;;
Ralf Rangnick;Ousmane Dembélé;5;4;2025;;
Aykhan Abbasov;  Achraf Hakimi ;5;4;2025;;
Dragan Talajic;  Achraf Hakimi ;5;4;2025;;
Javier Cabrera;Ousmane Dembélé;5;4;2025;;
Kent Edward Hall;  Nuno Mendes ;5;4;2025;;
Carlos Alos Ferrer;  Lamine Yamal ;5;4;2025;;
Rudi Garcia;  Achraf Hakimi ;5;4;2025;;
Philip Elexious Marin; Kylian Mbappé ;5;4;2025;;
Gernot Rohr; Kylian Mbappé ;5;4;2025;;
Michael Findlay;Ousmane Dembélé;5;4;2025;;
Atsushi Nakamura;Ousmane Dembélé;5;4;2025;;
Oscar Villegas;  Lamine Yamal ;5;4;2025;;
Sergej Barbarez;  Harry Kane ;5;4;2025;;
Morena Ramoreboli;Ousmane Dembélé;5;4;2025;;
Carlo Ancelotti;Ousmane Dembélé;5;4;2025;;
David Pérez Asensio;  Achraf Hakimi ;5;4;2025;;
Fabio Joaquim Maciel Da Silva;   Raphinha ;5;4;2025;;
Aleksandar Dimitrov; Kylian Mbappé ;5;4;2025;;
Brama Traoré;Ousmane Dembélé;5;4;2025;;
Patrick Sangwa Mayani;Ousmane Dembélé;5;4;2025;;
Pedro Leitão Brito;  Lamine Yamal ;5;4;2025;;
Koji Gyotoku;   Raphinha ;5;4;2025;;
Martin Felix Ndtoungou Mpile;  Lamine Yamal ;5;4;2025;;
Jesse Marsch;   Raphinha ;5;4;2025;;
Colin Rowe;  Lamine Yamal ;5;4;2025;;
Eloge Enza-Yamissi;   Raphinha ;5;4;2025;;
Raoul Savoy;Achraf Hakimi;5;4;2025;;
Nicolas Córdova;    Pedri ;5;4;2025;;
Jiayi Shao; Ousmane Dembélé;5;4;2025;;
Matthew Barry Ross;    Vitinha ;5;4;2025;;
Néstor Lorenzo;   Harry Kane ;5;4;2025;;
Stefano Cusin;  Achraf Hakimi ;5;4;2025;;
Fabrizio Cesana;  Achraf Hakimi ;5;4;2025;;
Sébastien Desabre; Ousmane Dembélé;5;4;2025;;
Tuka Tisam;  Achraf Hakimi ;5;4;2025;;
Miguel Herrera Aguirre;    Vitinha ;5;4;2025;;
Emerse Fae;  Kylian Mbappé ;5;4;2025;;
Zlatko Dalić; Ousmane Dembélé;5;4;2025;;
Pedro Pablo Pereira Mesa;  Kylian Mbappé ;5;4;2025;;
Dean Gorre; Ousmane Dembélé;5;4;2025;;
Apostolos Mantzios; Ousmane Dembélé;5;4;2025;;
Jaroslav Köstl;  Lamine Yamal ;5;4;2025;;
Brian Riemer;  Kylian Mbappé ;5;4;2025;;
Stéphane Nado;  Achraf Hakimi ;5;4;2025;;
Ellington Sabin; Ousmane Dembélé;5;4;2025;;
Marcelo Neveleff;  Achraf Hakimi ;5;4;2025;;
Sebastián Beccacece;  Lamine Yamal ;5;4;2025;;
Hossam Hassan; Mohamed Salah ;5;1;2025;;
Hernán Gomez;  Lamine Yamal ;5;4;2025;;
Thomas Tuchel;   Harry Kane ;5;1;2025;;
Juan Micha Obiang Bicogo; Ousmane Dembélé;5;4;2025;;
Jürgen Henn; Ousmane Dembélé;5;4;2025;;
Sifiso Ntibane;  Kylian Mbappé ;5;4;2025;;
Mesay Teferi Kassa;  Nuno Mendes ;5;4;2025;;
Eydun Klakstein; Ousmane Dembélé;5;4;2025;;
Stephane Auvray;  Achraf Hakimi ;5;4;2025;;
Jacob Friis; Ousmane Dembélé;5;4;2025;;
Didier Deschamps; Ousmane Dembélé;5;1;2025;;
Johnathan Mckinstry;  Achraf Hakimi ;5;4;2025;;
Willy Sagnol; Ousmane Dembélé;5;4;2025;;
Julian Nagelsmann;Vitinha;5;4;2025;;
Nana Otto Addo;Ousmane Dembélé;5;4;2025;;
Scott Wiseman;   Harry Kane ;5;4;2025;;
Ivan Jovanovic;  Lamine Yamal ;5;4;2025;;
Anthony Modeste;  Cole Palmer ;5;4;2025;;
Ross Michael Awa;  Kylian Mbappé ;5;4;2025;;
Luis Fernando Tena Garduño;Ousmane Dembélé;5;4;2025;;
Duarte Paulo;  Nuno Mendes ;5;4;2025;;
Emiliano Te;Ousmane Dembélé;5;4;2025;;
Thomas Dooley;  Achraf Hakimi ;5;4;2025;;
Sébastien Migné;  Achraf Hakimi ;5;4;2025;;
Reinaldo Rueda Rivera;Ousmane Dembélé;5;4;2025;;
Ashley Westwood;  Kylian Mbappé ;5;4;2025;;
Marco Rossi;  Lamine Yamal ;5;4;2025;;
Arnar Gunnlaugsson;Ousmane Dembélé;5;4;2025;;
Khalid Jamil;Ousmane Dembélé;5;4;2025;;
Nova Arianto;  Kylian Mbappé ;5;4;2025;;
Ardeshir Ghalenoei;Ousmane Dembélé;5;4;2025;;
Graham Arnold;Ousmane Dembélé;5;4;2025;;
Ran Ben Simon;    Vitinha ;5;4;2025;;
Gennaro Gattuso;  Kylian Mbappé ;5;4;2025;;
Hajime Moriyasu;  Kylian Mbappé ;5;4;2025;;
Jamal Sellami;  Achraf Hakimi ;5;4;2025;;
Talgat Baisufinov;Ousmane Dembélé;5;4;2025;;
Benni Mccarthy; Mohamed Salah ;5;4;2025;;
Yun Jong Su;   Harry Kane ;5;4;2025;;
Myung Bo Hong;Ousmane Dembélé;5;4;2025;;
Franco Foda;Ousmane Dembélé;5;4;2025;;
Hélio Filipe Dias De Sousa;    Vitinha ;5;4;2025;;
Urmat Abdukaimov;Ousmane Dembélé;5;4;2025;;
Hyeokjun Ha;Ousmane Dembélé;5;4;2025;;
Paolo Nicolato;   Harry Kane ;5;4;2025;;
Miodrag Radulovic;Ousmane Dembélé;5;4;2025;;
Leslie Notsi;Ousmane Dembélé;5;4;2025;;
Alejo Cissé;Mohamed Salah;5;4;2025;;
Konrad Fünfstück;Ousmane Dembélé;5;4;2025;;
Edgaras Jankauskas; Kylian Mbappé ;5;4;2025;;
Jeff Strasser;Ousmane Dembélé;5;4;2025;;
Kenneth Kar Lok Kwok;  Achraf Hakimi ;5;4;2025;;
Corentin Martins;Ousmane Dembélé;5;4;2025;;
Kalisto Pasuwa;  Achraf Hakimi ;5;4;2025;;
Peter Cklamovski;  Harry Kane ;5;4;2025;;
Mohamed Siyaz;Ousmane Dembélé;5;4;2025;;
Tom Saintfiet;  Achraf Hakimi ;5;4;2025;;
Emilio De Leo;Ousmane Dembélé;5;4;2025;;
Aritz López Garay;Ousmane Dembélé;5;4;2025;;
Guillaume Moullec;  Nuno Mendes ;5;4;2025;;
Javier Aguirre Onaindia; Kylian Mbappé ;5;4;2025;;
Lilian Popescu;  Nuno Mendes ;5;4;2025;;
Garidmagnai Bayasgalan;   Vitinha ;5;4;2025;;
Mirko Vučinić; Kylian Mbappé ;5;4;2025;;
Angus Eve;  Lamine Yamal ;5;4;2025;;
Hoalid Regragui;  Achraf Hakimi ;5;1;2025;;
Francisco Queriol Conde Junior;Ousmane Dembélé;5;4;2025;;
Myo Hlaing Win;  Achraf Hakimi ;5;4;2025;;
Collin Benjamin;  Achraf Hakimi ;5;4;2025;;
Hari Khadka;Ousmane Dembélé;5;4;2025;;
Ronald Koeman;Ousmane Dembélé;5;4;2025;;
Johan Sidaner;   Vitinha ;5;4;2025;;
Darren Bazeley;Ousmane Dembélé;5;4;2025;;
Marco Figueroamontero;Ousmane Dembélé;5;4;2025;;
Zakariaou Ibrahim;  Achraf Hakimi ;5;4;2025;;
Blagoja Milevski;Ousmane Dembélé;5;4;2025;;
Michael Oneill;Ousmane Dembélé;5;4;2025;;
Ståle Solbakken;   Vitinha ;5;4;2025;;
Carlos Queiroz;   Vitinha ;5;4;2025;;
Nolberto Albino Solano Todco;   Vitinha ;5;4;2025;;
Ehab Abu Jazar; Mohamed Salah ;5;4;2025;;
Thomas Christiansen Tarin;Ousmane Dembélé;5;4;2025;;
David Muta; Mohamed Salah ;5;4;2025;;
Gustavo Alfaro;Ousmane Dembélé;5;4;2025;;
Manuel Barreto;Ousmane Dembélé;5;4;2025;;
Carles Cuadrat;  Lamine Yamal ;5;4;2025;;
Jan Urban;   Harry Kane ;5;4;2025;;
Roberto Martinez;  Nuno Mendes ;5;1;2025;;
Charlie Trout;    Vitinha ;5;4;2025;;
Julen Lopetegui;    Vitinha ;5;4;2025;;
Heimir Hallgrimsson; Mohamed Salah ;5;4;2025;;
Mircea Lucescu;   Harry Kane ;5;4;2025;;
Valeri Karpin;    Vitinha ;5;4;2025;;
Adel Amrouche;  Achraf Hakimi ;5;4;2025;;
Valerio Raccuglia;  Achraf Hakimi ;5;4;2025;;
Roberto Cevoli;  Lamine Yamal ;5;4;2025;;
Ricardo Monsanto;  Achraf Hakimi ;5;4;2025;;
Hervé Renard;  Lamine Yamal ;5;4;2025;;
Steve Clarke;Ousmane Dembélé;5;4;2025;;
Pape Bouna Thiaw;Ousmane Dembélé;5;4;2025;;
Veljko Paunovic;  Kylian Mbappé ;5;4;2025;;
Ralph Jean-Louis;Ousmane Dembélé;5;4;2025;;
Mohamed Kallon;Ousmane Dembélé;5;4;2025;;
Gavin Lee;Ousmane Dembélé;5;4;2025;;
Francesco Calzona;    Vitinha ;5;4;2025;;
Kek Matjaz;Ousmane Dembélé;5;4;2025;;
Josh Smith;  Lamine Yamal ;5;4;2025;;
Yusuf Ali;Ousmane Dembélé;5;4;2025;;
Hugo Broos;   Harry Kane ;5;4;2025;;
Simon James Yor Kak;  Achraf Hakimi ;5;4;2025;;
Luis De La Fuente Castillo;    Pedri ;5;1;2025;;
Abdullah Almutairi;   Raphinha  ;5;4;2025;;
Travis Rogers;  Lamine Yamal ;5;4;2025;;
Stern John;Ousmane Dembélé;5;4;2025;;
Ezra Hendrickson;Ousmane Dembélé;5;4;2025;;
James Appiah;Achraf Hakimi;5;4;2025;;
Stanley Menzo; Ousmane Dembélé;5;4;2025;;
Graham Potter; Ousmane Dembélé;5;4;2025;;
Murat Yakin;  Lamine Yamal ;5;4;2025;;
Jose Lana Fernández; Ousmane Dembélé;5;4;2025;;
Raimana Buluc; Ousmane Dembélé;5;4;2025;;
Goran Stevanovic; Ousmane Dembélé;5;4;2025;;
Miguel Angel Gamondi;  Lamine Yamal ;5;4;2025;;
Anthony Hudson;  Lamine Yamal ;5;4;2025;;
José Pedro Alves Salazar; Ousmane Dembélé;5;4;2025;;
Daré Nibombe; Ousmane Dembélé;5;4;2025;;
Kilifi Solia Uele;    Pedri ;5;4;2025;;
Dwight Yorke; Mohamed Salah ;5;4;2025;;
Trabelsi Sami;  Achraf Hakimi ;5;4;2025;;
Vincenzo Montella;    Pedri ;5;4;2025;;
Rovshen Meredov; Ousmane Dembélé;5;4;2025;;
Aaron Lawrence;   Harry Kane ;5;4;2025;;
Put Paul Joseph F;  Kylian Mbappé ;5;4;2025;;
Serhii Rebrov;  Kylian Mbappé ;5;4;2025;;
Olaroiu Cosmin;    Vitinha ;5;4;2025;;
Marcelo Bielsa;  Kylian Mbappé ;5;4;2025;;
Terrence Jones; Ousmane Dembélé;5;4;2025;;
Mauricio Pochettino; Ousmane Dembélé;5;4;2025;;
Fabio Cannavaro; Ousmane Dembélé;5;4;2025;;
Lars Hopp;   Harry Kane ;5;4;2025;;
Oswaldo Vizcarrondo; Ousmane Dembélé;5;4;2025;;
Sang Sik Kim;   Cole Palmer ;5;4;2025;;
Noureddine Ould Ali;  Achraf Hakimi ;5;4;2025;;
Moses Sichone; Ousmane Dembélé;5;4;2025;;
Mario Marinica;   Harry Kane ;5;4;2025;;
Sayer Zaland; Ousmane Dembélé;5;4;2025;;
Endi Tufa; Ousmane Dembélé;5;4;2025;;
Mohammed Rachid Belarbi;   Raphinha ;5;4;2025;;
Victor Duaso Saludas;  Lamine Yamal ;5;4;2025;;
Geraldo Quiala;Lamine Yamal;5;4;2025;;
Claudio Mauri;  Lamine Yamal ;5;4;2025;;
Robert Gasparyan;   Raphinha ;5;4;2025;;
Andrew Vrolijk;Ousmane Dembélé;5;4;2025;;
Vince Rugari;  Harry Kane ;5;4;2025;;
Stefan Grüneis;Ousmane Dembélé;5;4;2025;;
Rasim Mövsümov;Ousmane Dembélé;5;4;2025;;
Abdulla Ashoor; Mohamed Salah ;5;4;2025;;
Zaman Rejwan Uz;Ousmane Dembélé;5;4;2025;;
Sergey Nikolaev;Ousmane Dembélé;5;4;2025;;
Terreur Kristof;  Lamine Yamal ;5;4;2025;;
Mehluli Sibanda;Ousmane Dembélé;5;4;2025;;
Thinley Namgay;Ousmane Dembélé;5;4;2025;;
Rainer Durán Urquizu; Kylian Mbappé ;5;4;2025;;
Emir Delić;  Lamine Yamal ;5;4;2025;;
Gaone Pearl Kerileng;Ousmane Dembélé;5;4;2025;;
Carlos Eduardo Mansur;  Lamine Yamal ;5;4;2025;;
Boyan Boychev;Ousmane Dembélé;5;4;2025;;
Siriki Dramé;  Achraf Hakimi ;5;4;2025;;
Liliane Nshimirimana;Ousmane Dembélé;5;4;2025;;
Chamroeun Ung;Ousmane Dembélé;5;4;2025;;
Angu Lesley Ngwa Akonwi;Ousmane Dembélé;5;4;2025;;
Neil Davidson;Ousmane Dembélé;5;4;2025;;
Bienvenu Elie Gbelo; Kylian Mbappé ;5;4;2025;;
Salahadine Mahamat Sabour;Ousmane Dembélé;5;4;2025;;
Danilo Díaz;    Vitinha ;5;4;2025;;
Dexing Ma;Ousmane Dembélé;5;4;2025;;
Chihwei Hung;Ousmane Dembélé;5;4;2025;;
Fernando Diego Rueda Medina;Ousmane Dembélé;5;4;2025;;
Elie-Dine Djouma;Ousmane Dembélé;5;4;2025;;
Michel Tobo;   Raphinha ;5;4;2025;;
Rashneel Kumar Madhur;Ousmane Dembélé;5;4;2025;;
David Goldberg;Ousmane Dembélé;5;4;2025;;
Malick Traoré;Ousmane Dembélé;5;4;2025;;
Robert Matteoni;Ousmane Dembélé;5;4;2025;;
Yasiel Cancio; Ousmane Dembélé;5;4;2025;;
Carl Ruiter; Ousmane Dembélé;5;4;2025;;
Andreas Violaris;    Vitinha ;5;4;2025;;
Jan Palička;  Lamine Yamal ;5;4;2025;;
Klaus Egelund; Mohamed Salah ;5;4;2025;;
Yacin Ahmed Moussa; Ousmane Dembélé;5;4;2025;;
Garvin Richards; Ousmane Dembélé;5;4;2025;;
Jorge Rolando `; Ousmane Dembélé;5;4;2025;;
Tito Rosales Cox; Ousmane Dembélé;5;4;2025;;
Hady Elmadany; Mohamed Salah ;5;1;2025;;
Josué Valiente; Ousmane Dembélé;5;4;2025;;
John Cross; Ousmane Dembélé;5;4;2025;;
Yolanda Aseco Esono Mangue;  Lamine Yamal ;5;4;2025;;
Michael Seium; Mohamed Salah ;5;4;2025;;
Aet Süvari; Ousmane Dembélé;5;4;2025;;
Ashmond Innocent Nzima;   Cole Palmer ;5;4;2025;;
Hussen Abdulkeni; Ousmane Dembélé;5;4;2025;;
Símun Christian Olsen; Mohamed Salah ;5;4;2025;;
Anssi Karjalainen; Ousmane Dembélé;5;4;2025;;
Cyrille De La Morinerie; Ousmane Dembélé;5;1;2025;;
Momodou Bah; Ousmane Dembélé;5;4;2025;;
Namuka Kvaratskhelia; Ousmane Dembélé;5;4;2025;;
Georg Holzner; Ousmane Dembélé;5;4;2025;;
Gary Al-Smith; Ousmane Dembélé;5;4;2025;;
Stephen Ignacio; Mohamed Salah ;5;4;2025;;
Nikolaos Kotsis; Ousmane Dembélé;5;4;2025;;
Michael Bascombe; Mohamed Salah ;5;4;2025;;
Joseph Santo Tomas; Mohamed Salah ;5;4;2025;;
Carlos Marín; Ousmane Dembélé;5;4;2025;;
Alpha Mady Touré; Ousmane Dembélé;5;4;2025;;
Rawle Toney; Ousmane Dembélé;5;4;2025;;
Lutherson Léon; Ousmane Dembélé;5;4;2025;;
Gonzalo Carías; Ousmane Dembélé;5;4;2025;;
Ho Yin Kwok;Mohamed Salah;5;4;2025;;
György Szöllösi; Ousmane Dembélé;5;4;2025;;
Vidir Sigurdsson; Ousmane Dembélé;5;4;2025;;
Dhiman Sarkar; Ousmane Dembélé;5;4;2025;;
Muhamad Rais Adnan; Ousmane Dembélé;5;4;2025;;
Masoud Hossein; Ousmane Dembélé;5;4;2025;;
Arshed Alsaedi;   Raphinha ;5;4;2025;;
Uri Dagon; Ousmane Dembélé;5;4;2025;;
Pierluigi Pardo; Ousmane Dembélé;5;4;2025;;
Brian Lewis; Ousmane Dembélé;5;4;2025;;
Hideo Tamaru; Ousmane Dembélé;5;4;2025;;
Taiser Alomiri;  Kylian Mbappé ;5;4;2025;;
Geniy Tulegenov;  Achraf Hakimi ;5;4;2025;;
Eric Njiru; Mohamed Salah ;5;4;2025;;
Gun Lee; Ousmane Dembélé;5;4;2025;;
Lavdim Pireva; Ousmane Dembélé;5;4;2025;;
Abdulaziz Jassim; Ousmane Dembélé;5;4;2025;;
Bakyt Shukuraliev;    Vitinha ;5;4;2025;;
Ekasanh Thipphachack; Ousmane Dembélé;5;4;2025;;
Ilvars Koscinkevics;    Vitinha ;5;4;2025;;
Hachem Makkeh; Mohamed Salah ;5;4;2025;;
Moorosi Simon Tsiane; Ousmane Dembélé;5;4;2025;;
Anthony Kokoi;  Achraf Hakimi ;5;4;2025;;
Haithem Elamari;  Achraf Hakimi ;5;4;2025;;
Jan Stärker;   Harry Kane ;5;4;2025;;
Mindaugas Augustis; Ousmane Dembélé;5;4;2025;;
Christelle Diederich;  Lamine Yamal ;5;4;2025;;
Samson Randrianiheriniaina;  Achraf Hakimi ;5;4;2025;;
Peter Kanjere; Ousmane Dembélé;5;4;2025;;
Ajitpal Singh Dhaliwal;  Lamine Yamal ;5;4;2025;;
Azzam Ali; Ousmane Dembélé;5;4;2025;;
Boubacar Diakite; Ousmane Dembélé;5;4;2025;;
Domenic Aquilina;   Harry Kane ;5;4;2025;;
Brahim Sow Deïna;  Achraf Hakimi ;5;4;2025;;
Francisco Javier González;Ousmane Dembélé;5;4;2025;;
Alexandru Fosa;Ousmane Dembélé;5;4;2025;;
Enkhtuvshin Tserensodnom;Ousmane Dembélé;5;4;2025;;
Danilo Mitrovic;   Harry Kane ;5;4;2025;;
Basil Chambers;Ousmane Dembélé;5;4;2025;;
Jalal Bounouar;  Achraf Hakimi ;5;1;2025;;
João Arnaldo Carlija Chivale;Ousmane Dembélé;5;4;2025;;
Sheefeni Nikodemus;Ousmane Dembélé;5;4;2025;;
Bikram Thapa;Ousmane Dembélé;5;4;2025;;
Jaap De Groot;Ousmane Dembélé;5;4;2025;;
Martin Charmasson;Ousmane Dembélé;5;4;2025;;
Michael Burgess;Ousmane Dembélé;5;4;2025;;
Jose Nectali Mora Zeledon;Ousmane Dembélé;5;4;2025;;
Abdel Malik Koudizé;Ousmane Dembélé;5;4;2025;;
Oluwashina Okeleji;Ousmane Dembélé;5;4;2025;;
Igor Panevski;Ousmane Dembélé;5;4;2025;;
Mark Mcintosh;Ousmane Dembélé;5;4;2025;;
Morten Pedersen;    Vitinha ;5;4;2025;;
Nasser Darwish;  Achraf Hakimi ;5;4;2025;;
Chaudhry Muhammad Ashraf; Mohamed Salah ;5;4;2025;;
Majdi Qasem;  Achraf Hakimi ;5;4;2025;;
David Samudio Garay;Ousmane Dembélé;5;4;2025;;
Patricia Keamo;Ousmane Dembélé;5;4;2025;;
Edgar Cantero;Ousmane Dembélé;5;4;2025;;
Pedro Eduardo Canelo Quispe;Ousmane Dembélé;5;4;2025;;
Ryan Fenix;Ousmane Dembélé;5;4;2025;;
Michal Pol;Ousmane Dembélé;5;4;2025;;
Vítor Serpa;Ousmane Dembélé;5;4;2025;;
Esteban Pagán Rivera;Ousmane Dembélé;5;4;2025;;
Ali Almslmani;  Kylian Mbappé ;5;4;2025;;
Philip Quinn;Ousmane Dembélé;5;4;2025;;
Theodor Jumatate;Ousmane Dembélé;5;4;2025;;
Oleg Koshelev;Ousmane Dembélé;5;4;2025;;
Eddie Nsabimana;Ousmane Dembélé;5;4;2025;;
Elia Gorini;Ousmane Dembélé;5;4;2025;;
Sultan Almohawes; Ousmane Dembélé;5;4;2025;;
Scott Mcdermott;    Vitinha ;5;4;2025;;
Thierno Souleymane Diallo; Ousmane Dembélé;5;4;2025;;
Milan Rasevic; Ousmane Dembélé;5;4;2025;;
Sahr Morris Jr; Ousmane Dembélé;5;4;2025;;
David Lee;  Kylian Mbappé ;5;4;2025;;
Michal Zeman; Ousmane Dembélé;5;4;2025;;
Anze Baselj;    Vitinha ;5;4;2025;;
Crofton Utukana;  Kylian Mbappé ;5;4;2025;;
Gamadiid Guurre;  Cole Palmer ;5;4;2025;;
Robert Marawa; Ousmane Dembélé;5;4;2025;;
Albino Kuek Deng Kuach;  Kylian Mbappé ;5;4;2025;;
Juan Ignacio Gallardo; Ousmane Dembélé;5;4;2025;;
Neville Victor Anthony;  Nuno Mendes ;5;4;2025;;
Terry Finisterre; Ousmane Dembélé;5;4;2025;;
Tahir Salih; Ousmane Dembélé;5;4;2025;;
Desney Romeo; Ousmane Dembélé;5;4;2025;;
Simon Bank; Ousmane Dembélé;5;4;2025;;
Tobias Wedermann; Ousmane Dembélé;5;4;2025;;
Mohamad Nadim Aljabi; Mohamed Salah ;5;4;2025;;
Olivier Huc; Ousmane Dembélé;5;4;2025;;
Faridun Saliev; Ousmane Dembélé;5;4;2025;;
Evance Joseph Mhando; Ousmane Dembélé;5;4;2025;;
Kim Junumporn; Ousmane Dembélé;5;4;2025;;
Kodjo Sedem Gounoubou;  Lamine Yamal ;5;4;2025;;
Justin Akauola;   Raphinha ;5;4;2025;;
Ian Prescott; Ousmane Dembélé;5;4;2025;;
Tarek Ghdiri; Ousmane Dembélé;5;4;2025;;
Serkan Saydam; Ousmane Dembélé;5;4;2025;;
Alexander Vershinin;   Raphinha ;5;4;2025;;
Mayamba Stephen; Ousmane Dembélé;5;4;2025;;
Valerii Novobranets; Ousmane Dembélé;5;4;2025;;
Omran Mohamed; Ousmane Dembélé;5;4;2025;;
Rómulo Martínez Chenlo;Lamine Yamal;5;4;2025;;
Amara Gilbert;  Kylian Mbappé ;5;4;2025;;
Douglas Mcintyre;  Lamine Yamal ;5;4;2025;;
Davron Fayziev;Ousmane Dembélé;5;4;2025;;
Humberto Perozo Suárez;Ousmane Dembélé;5;4;2025;;
Minh Viet Nguyen;Ousmane Dembélé;5;4;2025;;
Paul Abbandonato;Ousmane Dembélé;5;4;2025;;
Basheer Senan;  Lamine Yamal ;5;4;2025;;
Elias Chipepo;Ousmane Dembélé;5;4;2025;;
Sikhumbuzo Moyo;Ousmane Dembélé;5;4;2025;;
Sharif Mukhammad;Vitinha;3;4;2025;;
Berat Djimsiti;Nuno Mendes;3;4;2025;;
Riyad Mahrez;Achraf Hakimi;3;4;2025;;
Roy Ledoux;Cole Palmer;3;4;2025;;
Marc Pujol Pons;Vitinha;3;4;2025;;
Fredy Ribeiro;Raphinha;3;4;2025;;
Germain Hughes;Lamine Yamal;3;4;2025;;
Luther Wildin;Achraf Hakimi;3;4;2025;;
Lionel Messi;Kylian Mbappé;3;4;2025;;
Esuard Spertsian;Pedri;3;4;2025;;
Matthew Robert Lentink;Ousmane Dembélé;3;4;2025;;
Mathew Ryan;Ousmane Dembélé;3;4;2025;;
David Alaba;Achraf Hakimi;3;4;2025;;
Emin Makhmudov;Ousmane Dembélé;3;4;2025;;
Vance Wheaton;Cole Palmer;3;4;2025;;
Sayed Dhiya;Lamine Yamal;3;4;2025;;
Jamal Bhuyan;Ousmane Dembélé;3;4;2025;;
Andre Applewhaite;Ousmane Dembélé;3;4;2025;;
Alexander Martynovich;Kylian Mbappé;3;4;2025;;
Youri Tielemans;Lamine Yamal;3;4;2025;;
Steve Mounie;Raphinha;3;4;2025;;
Dante Leverock;Ousmane Dembélé;3;4;2025;;
Nima Wangdi;Vitinha;3;4;2025;;
Luis Haquin;Cole Palmer;3;4;2025;;
Edin Dzeko;Lamine Yamal;3;4;2025;;
Kabelo Seakanyeng;Lamine Yamal;3;4;2025;;
Marcos Aoás Corrêa;Raphinha;3;1;2025;;
Tsharne Gallimore;Cole Palmer;3;4;2025;;
Muhammad Azwan Ali Rahman;Ousmane Dembélé;3;4;2025;;
Kiril Despodov;Kylian Mbappé;3;4;2025;;
Bertrand Traoré;Lamine Yamal;3;4;2025;;
Frederic Nsabiyumva; Kylian Mbappé ;3;4;2025;;
Ryan Isaac Mendes;Ousmane Dembélé;3;4;2025;;
Krya Saret;  Achraf Hakimi ;3;4;2025;;
Alphonso Davies;Ousmane Dembélé;3;4;2025;;
Dandre Rowe;Ousmane Dembélé;3;4;2025;;
Cherubin Bassé; Kylian Mbappé ;3;4;2025;;
Marius Mouandilmadji;  Lamine Yamal ;3;4;2025;;
Gabriel Suazo;  Lamine Yamal ;3;4;2025;;
Yuning Zhang;Ousmane Dembélé;3;4;2025;;
Po Liang Chen;    Vitinha ;3;4;2025;;
James Rodríguez; Kylian Mbappé ;3;4;2025;;
Youssouf Mchangama;Ousmane Dembélé;3;4;2025;;
Bérenger Richy Itoua; Kylian Mbappé ;3;4;2025;;
Chancel Mbemba;  Achraf Hakimi ;3;4;2025;;
Thane Pora Vogel Beal;Ousmane Dembélé;3;4;2025;;
Francisco Calvo;    Pedri ;3;4;2025;;
Luka Modric;Ousmane Dembélé;3;4;2025;;
Luis Javier Paradela Diaz; Kylian Mbappé ;3;4;2025;;
Kostakis Artymatas;    Vitinha ;3;4;2025;;
Tomas Soucek;  Lamine Yamal ;3;4;2025;;
Pierre Emile Højbjerg; Kylian Mbappé ;3;4;2025;;
Idriss Blha;Ousmane Dembélé;3;4;2025;;
Travist Joseph;    Vitinha ;3;4;2025;;
Jean Carlos López Mocoso;Ousmane Dembélé;3;4;2025;;
Enner Valencia Lastra; Kylian Mbappé ;3;4;2025;;
Mohamed Salah;Ousmane Dembélé;3;4;2025;;
Julio Sibrian;   Raphinha ;3;4;2025;;
Harry Kane;    Vitinha ;3;4;2025;;
Karol Mets;  Lamine Yamal ;3;4;2025;;
Lindo Thembinkosi Mkhonta;Ousmane Dembélé;3;4;2025;;
Hayder Sherefa;  Achraf Hakimi ;3;4;2025;;
Hallur Hansson;    Vitinha ;3;4;2025;;
Roy Krishna;   Raphinha ;3;4;2025;;
Lukas Hradecky;Ousmane Dembélé;3;4;2025;;
Bruno Ecuele Manga;Ousmane Dembélé;3;4;2025;;
Omar Colley;Vitinha;3;4;2025;;
Guram Kashia;Lamine Yamal;3;4;2025;;
Joshua Kimmich;Harry Kane;3;2;2025;;
Jordan Ayew;Kylian Mbappé;3;4;2025;;
Graeme Torrilla;Ousmane Dembélé;3;4;2025;;
Anastasios Bakasetas;Lamine Yamal;3;4;2025;;
Regan Charles-Cook;Kylian Mbappé;3;4;2025;;
Jason Ryan Quitugua Cunliffe;Vitinha;3;4;2025;;
José Carlos Pinto Samayoa;Kylian Mbappé;3;4;2025;;
Issiaga Sylla;Harry Kane;3;4;2025;;
Jorge Nogueira;Ousmane Dembélé;3;4;2025;;
Antony Lozano Colon;Ousmane Dembélé;3;4;2025;;
Hung Fai Yaap;Kylian Mbappé;3;4;2025;;
Dominik Szoboszlai;Ousmane Dembélé;3;4;2025;;
Orri Óskarsson;Ousmane Dembélé;3;4;2025;;
Gurpreet Singh Sandhu;Raphinha;3;4;2025;;
Jay Idzes;Lamine Yamal;3;4;2025;;
Alireza Jahanbakhsh;Lamine Yamal;3;4;2025;;
Jalal Hasan Hachim;Ousmane Dembélé;3;4;2025;;
Eliezer Dasa;Kylian Mbappé;3;4;2025;;
Gianluigi Donnarumma;Achraf Hakimi;3;2;2025;;
Wataru Endo;Ousmane Dembélé;3;4;2025;;
Ehsan Haddad;Raphinha;3;4;2025;;
Nuraly Alip;Achraf Hakimi;3;4;2025;;
Michael Olunga Ogada;Ousmane Dembélé;3;4;2025;;
Jang Kuk Chol;Harry Kane;3;4;2025;;
Heung Min Son;Harry Kane;3;4;2025;;
Amir Rrahmani;Kylian Mbappé;3;4;2025;;
Khaled Alrashidi;Kylian Mbappé;3;4;2025;;
Kichin Valerii;Achraf Hakimi;3;4;2025;;
Bounphachan Bounkong;Harry Kane;3;4;2025;;
Kristers Tobers;Lamine Yamal;3;4;2025;;
Mohamad Haidar;Lamine Yamal;3;4;2025;;
Sekhoane Benedict Moerane;  Achraf Hakimi ;3;4;2025;;
Murad Al-Wuheeshi;  Achraf Hakimi ;3;4;2025;;
Nicolas Hasler;Ousmane Dembélé;3;4;2025;;
Fedor Cernych; Mohamed Salah ;3;4;2025;;
Laurent Jans;Ousmane Dembélé;3;4;2025;;
Man Chan;Ousmane Dembélé;3;4;2025;;
Rayan Raveloson;  Lamine Yamal ;3;4;2025;;
Richard Mbulu;  Achraf Hakimi ;3;4;2025;;
Matthew Davies;  Cole Palmer ;3;4;2025;;
Samooh Ali;  Kylian Mbappé ;3;4;2025;;
Yves Bissouma;  Lamine Yamal ;3;4;2025;;
Matthew Guillaumier; Mohamed Salah ;3;4;2025;;
Aly Abeid;  Achraf Hakimi ;3;4;2025;;
Lindsay Rose;  Achraf Hakimi ;3;4;2025;;
Edson Omar Alvarez Velazquez;   Harry Kane ;3;4;2025;;
Rata Vadim;Ousmane Dembélé;3;4;2025;;
Tsendayush Khurelbaatar;  Cole Palmer ;3;4;2025;;
Stevan Jovetic;  Kylian Mbappé ;3;4;2025;;
Brandon Comley;  Lamine Yamal ;3;4;2025;;
Achraf Hakimi;Ousmane Dembélé;3;2;2025;;
Elias Pelembe;Ousmane Dembélé;3;4;2025;;
Mg Mg Lwin;   Raphinha ;3;4;2025;;
Riaan Hanamub;  Kylian Mbappé ;3;4;2025;;
Kiran Chemjong;    Vitinha ;3;4;2025;;
Virgil Van Dijk;Ousmane Dembélé;3;4;2025;;
Morgan Mathelon;   Raphinha ;3;4;2025;;
Chris Wood;  Lamine Yamal ;3;4;2025;;
Juan Barrera;  Kylian Mbappé ;3;4;2025;;
Youssouf Oumarou Aliou; Mohamed Salah ;3;4;2025;;
William Ekong;  Achraf Hakimi ;3;4;2025;;
Enis Bardhi;  Lamine Yamal ;3;4;2025;;
Conor Bradley; Mohamed Salah ;3;2;2025;;
Martin Odegaard;    Vitinha ;3;4;2025;;
Fayiz Alrushaidi;  Lamine Yamal ;3;4;2025;;
Abdullah Iqbal;Raphinha;3;4;2025;;
Musab Battat;Ousmane Dembélé;3;4;2025;;
Aníbal Godoy;Lamine Yamal;3;4;2025;;
Raymond Gunemba;Raphinha;3;4;2025;;
Gustavo Gomez;Lamine Yamal;3;4;2025;;
Pedro Gallese;Lamine Yamal;3;4;2025;;
Amani Aguinaldo;Mohamed Salah;3;4;2025;;
Robert Lewandowski;Raphinha;3;2;2025;;
Bernardo Silva;Nuno Mendes;3;1;2025;;
Leandro Antonetti;Pedri;3;4;2025;;
Hassan Alhaydos;Ousmane Dembélé;3;4;2025;;
Nathan Collins;Vitinha;3;4;2025;;
Ianis Hagi;Raphinha;3;4;2025;;
Aleksandr Golovin;Lamine Yamal;3;4;2025;;
Bizimana Djihad;Ousmane Dembélé;3;4;2025;;
Andrew Setefano;Kylian Mbappé;3;4;2025;;
Matteo Vitaioli;Achraf Hakimi;3;4;2025;;
Joel Neves;Nuno Mendes;3;4;2025;;
Salem Aldawsari;Cole Palmer;3;4;2025;;
Andrew Robertson;Ousmane Dembélé;3;4;2025;;
Kalidou Koulibaly;Achraf Hakimi;3;4;2025;;
Aleksandar Mitrovic;Kylian Mbappé;3;4;2025;;
Elie Nelson Jr Sopha;Ousmane Dembélé;3;4;2025;;
Mustapha Bundu;Nuno Mendes;3;4;2025;;
Hariss Harun;Lamine Yamal;3;4;2025;;
Milan Škriniar;Kylian Mbappé;3;4;2025;;
Jan Oblak;Raphinha;3;4;2025;;
Javin Alick;Cole Palmer;3;4;2025;;
Abdulsamed Abdullahi;Lamine Yamal;3;4;2025;;
Ronwen Williams;Lamine Yamal;3;4;2025;;
Atir Thomas Tom Magor;Lamine Yamal;3;4;2025;;
Unai Simon Mendibil;Pedri;3;1;2025;;
Sujan Perera;Mohamed Salah;3;4;2025;;
Julani Archibald;Vitinha;3;4;2025;;
Oalex Anderson;Kylian Mbappé;3;4;2025;;
Dion Malone;Lamine Yamal;3;4;2025;;
Victor Lindelof;Raphinha;3;4;2025;;
Granit Xhaka;Achraf Hakimi;3;4;2025;;
Omar Khrbin;Lamine Yamal;3;4;2025;;
Teaonui Tehau;Lamine Yamal;3;4;2025;;
Akhtam Nazarov;Harry Kane;3;4;2025;;
Mbwana Samatta;Kylian Mbappé;3;4;2025;;
Chanathip Songkrasin;Vitinha;3;4;2025;;
Gali Freitas;Vitinha;3;4;2025;;
Dakonam Ortega Djene;Pedri;3;4;2025;;
Hemaloto Polovili;Ousmane Dembélé;3;4;2025;;
Kevin Molino;Kylian Mbappé;3;4;2025;;
Ferjani Sassi;Kylian Mbappé;3;4;2025;;
Hakan Calhanoglu;Nuno Mendes;3;4;2025;;
Elman Tagayev;Ousmane Dembélé;3;4;2025;;
Makenson Cadet;Kylian Mbappé;3;4;2025;;
Aucho Khalid;Ousmane Dembélé;3;4;2025;;
Mykola Matviyenko;Ousmane Dembélé;3;4;2025;;
Khaseif Ali;Achraf Hakimi;3;4;2025;;
Jose Gimenez;Vitinha;3;4;2025;;
Joshua Ramos;Ousmane Dembélé;3;4;2025;;
Tim Ream;Kylian Mbappé;3;4;2025;;
Eldor Shomurodov;Ousmane Dembélé;3;4;2025;;
Michel Kalmalap Coulon;Achraf Hakimi;3;4;2025;;
Salomón Rondón;Pedri;3;4;2025;;
Manh Do;Kylian Mbappé;3;4;2025;;
Aaron Ramsey;Lamine Yamal;3;4;2025;;
Harwan Alzubaidi;Kylian Mbappé;3;4;2025;;
Lubambo Musonda;Achraf Hakimi;3;4;2025;;
Elias Ahmad Manouchehr;Pedri;3;4;2025;;
Sylvio Mendes Campos Júnior;Lamine Yamal;3;4;2025;;
Vladimir Petkovic;Kylian Mbappé;3;4;2025;;
Travis Sinapati;Kylian Mbappé;3;4;2025;;
Koldo Alvarez De Eulate;Vitinha;3;4;2025;;
Patrice Alain Marie Beaumelle;Ousmane Dembélé;3;4;2025;;
Cleo Hamm;Cole Palmer;3;4;2025;;
Lionel Scaloni;Pedri;3;4;2025;;
Melikian Iegishe;Ousmane Dembélé;3;4;2025;;
Marvic Bermudez;Ousmane Dembélé;3;4;2025;;
Tony Popovic;Raphinha;3;4;2025;;
Ralf Rangnick;Harry Kane;3;4;2025;;
Aykhan Abbasov;Kylian Mbappé;3;4;2025;;
Dragan Talajic;Ousmane Dembélé;3;4;2025;;
Javier Cabrera;Lamine Yamal;3;4;2025;;
Kent Edward Hall;Ousmane Dembélé;3;4;2025;;
Carlos Alos Ferrer;Vitinha;3;4;2025;;
Rudi Garcia;Kylian Mbappé;3;4;2025;;
Philip Elexious Marin;Lamine Yamal;3;4;2025;;
Gernot Rohr;Achraf Hakimi;3;4;2025;;
Michael Findlay;Lamine Yamal;3;4;2025;;
Atsushi Nakamura;Vitinha;3;4;2025;;
Oscar Villegas;Kylian Mbappé;3;4;2025;;
Sergej Barbarez;Ousmane Dembélé;3;4;2025;;
Morena Ramoreboli;Achraf Hakimi;3;4;2025;;
Carlo Ancelotti;Raphinha;3;1;2025;;
David Pérez Asensio;Ousmane Dembélé;3;4;2025;;
Fabio Joaquim Maciel Da Silva;Ousmane Dembélé;3;4;2025;;
Aleksandar Dimitrov;Pedri;3;4;2025;;
Brama Traoré;Achraf Hakimi;3;4;2025;;
Patrick Sangwa Mayani;Achraf Hakimi;3;4;2025;;
Pedro Leitão Brito;Mohamed Salah;3;4;2025;;
Koji Gyotoku;Ousmane Dembélé;3;4;2025;;
Martin Felix Ndtoungou Mpile;Ousmane Dembélé;3;4;2025;;
Jesse Marsch;Mohamed Salah;3;4;2025;;
Colin Rowe;Mohamed Salah;3;4;2025;;
Eloge Enza-Yamissi;Lamine Yamal;3;4;2025;;
Raoul Savoy;Pedri;3;4;2025;;
Nicolas Córdova;Vitinha;3;4;2025;;
Jiayi Shao;Mohamed Salah;3;4;2025;;
Matthew Barry Ross;Achraf Hakimi;3;4;2025;;
Néstor Lorenzo;Vitinha;3;4;2025;;
Stefano Cusin;Ousmane Dembélé;3;4;2025;;
Fabrizio Cesana;Raphinha;3;4;2025;;
Sébastien Desabre;Achraf Hakimi;3;4;2025;;
Tuka Tisam;Cole Palmer;3;4;2025;;
Miguel Herrera Aguirre;Kylian Mbappé;3;4;2025;;
Emerse Fae;Ousmane Dembélé;3;4;2025;;
Zlatko Dalić;Mohamed Salah;3;4;2025;;
Pedro Pablo Pereira Mesa;Ousmane Dembélé;3;4;2025;;
Dean Gorre;Achraf Hakimi;3;4;2025;;
Apostolos Mantzios;Lamine Yamal;3;4;2025;;
Jaroslav Köstl;Ousmane Dembélé;3;4;2025;;
Brian Riemer;Ousmane Dembélé;3;4;2025;;
Stéphane Nado;Ousmane Dembélé;3;4;2025;;
Ellington Sabin;Harry Kane;3;4;2025;;
Marcelo Neveleff;Lamine Yamal;3;4;2025;;
Sebastián Beccacece;Harry Kane;3;4;2025;;
Hossam Hassan;Ousmane Dembélé;3;4;2025;;
Hernán Gomez;Ousmane Dembélé;3;4;2025;;
Thomas Tuchel;Cole Palmer;3;1;2025;;
Juan Micha Obiang Bicogo;Achraf Hakimi;3;4;2025;;
Jürgen Henn;Lamine Yamal;3;4;2025;;
Sifiso Ntibane;Ousmane Dembélé;3;4;2025;;
Mesay Teferi Kassa;Ousmane Dembélé;3;4;2025;;
Eydun Klakstein;Harry Kane;3;4;2025;;
Stephane Auvray;Ousmane Dembélé;3;4;2025;;
Jacob Friis;Harry Kane;3;4;2025;;
Didier Deschamps;Kylian Mbappé;3;1;2025;;
Johnathan Mckinstry;Mohamed Salah;3;4;2025;;
Willy Sagnol;Vitinha;3;4;2025;;
Julian Nagelsmann;Ousmane Dembélé;3;4;2025;;
Nana Otto Addo;Lamine Yamal;3;4;2025;;
Scott Wiseman;Ousmane Dembélé;3;4;2025;;
Ivan Jovanovic;Kylian Mbappé;3;4;2025;;
Anthony Modeste;Vitinha;3;4;2025;;
Ross Michael Awa;Mohamed Salah;3;4;2025;;
Luis Fernando Tena Garduño;Vitinha;3;4;2025;;
Duarte Paulo;Vitinha;3;4;2025;;
Emiliano Te;Kylian Mbappé;3;4;2025;;
Thomas Dooley;Harry Kane;3;4;2025;;
Sébastien Migné;Lamine Yamal;3;4;2025;;
Reinaldo Rueda Rivera;Vitinha;3;4;2025;;
Ashley Westwood;Ousmane Dembélé;3;4;2025;;
Marco Rossi;Ousmane Dembélé;3;4;2025;;
Arnar Gunnlaugsson;Vitinha;3;4;2025;;
Khalid Jamil;Raphinha;3;4;2025;;
Nova Arianto;Harry Kane;3;4;2025;;
Ardeshir Ghalenoei;Kylian Mbappé;3;4;2025;;
Graham Arnold;Lamine Yamal;3;4;2025;;
Ran Ben Simon;Ousmane Dembélé;3;4;2025;;
Gennaro Gattuso;Vitinha;3;4;2025;;
Hajime Moriyasu;Lamine Yamal;3;4;2025;;
Jamal Sellami;Mohamed Salah;3;4;2025;;
Talgat Baisufinov;Raphinha;3;4;2025;;
Benni Mccarthy;Ousmane Dembélé;3;4;2025;;
Yun Jong Su;Kylian Mbappé;3;4;2025;;
Myung Bo Hong;Lamine Yamal;3;4;2025;;
Franco Foda;Lamine Yamal;3;4;2025;;
Hélio Filipe Dias De Sousa;Ousmane Dembélé;3;4;2025;;
Urmat Abdukaimov;Mohamed Salah;3;4;2025;;
Hyeokjun Ha;Lamine Yamal;3;4;2025;;
Paolo Nicolato;Vitinha;3;4;2025;;
Miodrag Radulovic;Kylian Mbappé;3;4;2025;;
Leslie Notsi;Achraf Hakimi;3;4;2025;;
Alejo Cissé;Achraf Hakimi;3;4;2025;;
Konrad Fünfstück;   Harry Kane ;3;4;2025;;
Edgaras Jankauskas;   Harry Kane ;3;4;2025;;
Jeff Strasser;  Lamine Yamal ;3;4;2025;;
Kenneth Kar Lok Kwok; Ousmane Dembélé;3;4;2025;;
Corentin Martins;  Kylian Mbappé ;3;4;2025;;
Kalisto Pasuwa; Ousmane Dembélé;3;4;2025;;
Peter Cklamovski; Mohamed Salah ;3;4;2025;;
Mohamed Siyaz;  Lamine Yamal ;3;4;2025;;
Tom Saintfiet; Mohamed Salah ;3;4;2025;;
Emilio De Leo; Mohamed Salah ;3;4;2025;;
Aritz López Garay;  Lamine Yamal ;3;4;2025;;
Guillaume Moullec;  Achraf Hakimi ;3;4;2025;;
Javier Aguirre Onaindia; Mohamed Salah ;3;4;2025;;
Lilian Popescu;   Raphinha ;3;4;2025;;
Garidmagnai Bayasgalan;  Achraf Hakimi ;3;4;2025;;
Mirko Vučinić; Ousmane Dembélé;3;4;2025;;
Angus Eve; Ousmane Dembélé;3;4;2025;;
Hoalid Regragui; Ousmane Dembélé;3;4;2025;;
Francisco Queriol Conde Junior;  Lamine Yamal ;3;4;2025;;
Myo Hlaing Win;  Kylian Mbappé ;3;4;2025;;
Collin Benjamin; Mohamed Salah ;3;4;2025;;
Hari Khadka;  Kylian Mbappé ;3;4;2025;;
Ronald Koeman;    Vitinha ;3;4;2025;;
Johan Sidaner; Ousmane Dembélé;3;4;2025;;
Darren Bazeley;  Lamine Yamal ;3;4;2025;;
Marco Figueroamontero;  Achraf Hakimi ;3;4;2025;;
Zakariaou Ibrahim;    Pedri ;3;4;2025;;
Blagoja Milevski;    Vitinha ;3;4;2025;;
Michael Oneill; Mohamed Salah ;3;4;2025;;
Ståle Solbakken;    Pedri ;3;4;2025;;
Carlos Queiroz; Ousmane Dembélé;3;4;2025;;
Nolberto Albino Solano Todco; Ousmane Dembélé;3;4;2025;;
Ehab Abu Jazar; Ousmane Dembélé;3;4;2025;;
Thomas Christiansen Tarin;Pedri;3;4;2025;;
David Muta;Cole Palmer;3;4;2025;;
Gustavo Alfaro;Vitinha;3;4;2025;;
Manuel Barreto;Harry Kane;3;4;2025;;
Carles Cuadrat;Pedri;3;4;2025;;
Jan Urban;Lamine Yamal;3;4;2025;;
Roberto Martinez;Vitinha;3;1;2025;;
Charlie Trout;Lamine Yamal;3;4;2025;;
Julen Lopetegui;Lamine Yamal;3;4;2025;;
Heimir Hallgrimsson;Lamine Yamal;3;4;2025;;
Mircea Lucescu;Raphinha;3;4;2025;;
Valeri Karpin;Kylian Mbappé;3;4;2025;;
Adel Amrouche;Kylian Mbappé;3;4;2025;;
Valerio Raccuglia;Ousmane Dembélé;3;4;2025;;
Roberto Cevoli;Ousmane Dembélé;3;4;2025;;
Ricardo Monsanto;Nuno Mendes;3;4;2025;;
Hervé Renard;Kylian Mbappé;3;4;2025;;
Steve Clarke;Vitinha;3;4;2025;;
Pape Bouna Thiaw;Achraf Hakimi;3;4;2025;;
Veljko Paunovic;Pedri;3;4;2025;;
Ralph Jean-Louis;Kylian Mbappé;3;4;2025;;
Mohamed Kallon;Lamine Yamal;3;4;2025;;
Gavin Lee;Vitinha;3;4;2025;;
Francesco Calzona;Pedri;3;4;2025;;
Kek Matjaz;Lamine Yamal;3;4;2025;;
Josh Smith;Ousmane Dembélé;3;4;2025;;
Yusuf Ali;Achraf Hakimi;3;4;2025;;
Hugo Broos;Lamine Yamal;3;4;2025;;
Simon James Yor Kak;Kylian Mbappé;3;4;2025;;
Luis De La Fuente Castillo;Lamine Yamal;3;1;2025;;
Abdullah Almutairi;Ousmane Dembélé;3;4;2025;;
Travis Rogers;Cole Palmer;3;4;2025;;
Stern John;Kylian Mbappé;3;4;2025;;
Ezra Hendrickson;Lamine Yamal;3;4;2025;;
James Appiah;Kylian Mbappé;3;4;2025;;
Stanley Menzo;   Raphinha ;3;4;2025;;
Graham Potter;  Nuno Mendes ;3;4;2025;;
Murat Yakin;Ousmane Dembélé;3;4;2025;;
Jose Lana Fernández;  Lamine Yamal ;3;4;2025;;
Raimana Buluc; Kylian Mbappé ;3;4;2025;;
Goran Stevanovic;  Lamine Yamal ;3;4;2025;;
Miguel Angel Gamondi; Mohamed Salah ;3;4;2025;;
Anthony Hudson;  Achraf Hakimi ;3;4;2025;;
José Pedro Alves Salazar;    Pedri ;3;4;2025;;
Daré Nibombe;  Achraf Hakimi ;3;4;2025;;
Kilifi Solia Uele;   Harry Kane ;3;4;2025;;
Dwight Yorke;  Cole Palmer ;3;4;2025;;
Trabelsi Sami;Ousmane Dembélé;3;4;2025;;
Vincenzo Montella;   Harry Kane ;3;4;2025;;
Rovshen Meredov;  Achraf Hakimi ;3;4;2025;;
Aaron Lawrence; Kylian Mbappé ;3;4;2025;;
Put Paul Joseph F;  Lamine Yamal ;3;4;2025;;
Serhii Rebrov;Ousmane Dembélé;3;4;2025;;
Olaroiu Cosmin;Ousmane Dembélé;3;4;2025;;
Marcelo Bielsa;   Raphinha ;3;4;2025;;
Terrence Jones;  Nuno Mendes ;3;4;2025;;
Mauricio Pochettino; Kylian Mbappé ;3;4;2025;;
Fabio Cannavaro;  Lamine Yamal ;3;4;2025;;
Lars Hopp;Ousmane Dembélé;3;4;2025;;
Oswaldo Vizcarrondo;    Vitinha ;3;4;2025;;
Sang Sik Kim;   Harry Kane ;3;4;2025;;
Noureddine Ould Ali;Ousmane Dembélé;3;4;2025;;
Moses Sichone; Kylian Mbappé ;3;4;2025;;
Mario Marinica; Mohamed Salah ;3;4;2025;;
Sayer Zaland; Kylian Mbappé ;3;4;2025;;
Endi Tufa; Kylian Mbappé ;3;4;2025;;
Mohammed Rachid Belarbi;  Achraf Hakimi ;3;4;2025;;
Victor Duaso Saludas;Ousmane Dembélé;3;4;2025;;
Geraldo Quiala;Kylian Mbappé;3;4;2025;;
Claudio Mauri;Achraf Hakimi;3;4;2025;;
Robert Gasparyan;Nuno Mendes;3;4;2025;;
Andrew Vrolijk;Vitinha;3;4;2025;;
Vince Rugari;Ousmane Dembélé;3;4;2025;;
Stefan Grüneis;Vitinha;3;4;2025;;
Rasim Mövsümov;Lamine Yamal;3;4;2025;;
Abdulla Ashoor;Achraf Hakimi;3;4;2025;;
Zaman Rejwan Uz;Lamine Yamal;3;4;2025;;
Sergey Nikolaev;Lamine Yamal;3;4;2025;;
Terreur Kristof;Ousmane Dembélé;3;4;2025;;
Mehluli Sibanda;Kylian Mbappé;3;4;2025;;
Thinley Namgay;Kylian Mbappé;3;4;2025;;
Rainer Durán Urquizu;Cole Palmer;3;4;2025;;
Emir Delić;Ousmane Dembélé;3;4;2025;;
Gaone Pearl Kerileng;Nuno Mendes;3;4;2025;;
Carlos Eduardo Mansur;Raphinha;3;1;2025;;
Boyan Boychev;Harry Kane;3;4;2025;;
Siriki Dramé;Raphinha;3;4;2025;;
Liliane Nshimirimana;Achraf Hakimi;3;4;2025;;
Chamroeun Ung;Mohamed Salah;3;4;2025;;
Angu Lesley Ngwa Akonwi;Achraf Hakimi;3;4;2025;;
Neil Davidson;Lamine Yamal;3;4;2025;;
Bienvenu Elie Gbelo;Achraf Hakimi;3;4;2025;;
Salahadine Mahamat Sabour;Kylian Mbappé;3;4;2025;;
Danilo Díaz;Lamine Yamal;3;4;2025;;
Dexing Ma;Lamine Yamal;3;4;2025;;
Chihwei Hung;Cole Palmer;3;4;2025;;
Fernando Diego Rueda Medina;Lamine Yamal;3;4;2025;;
Elie-Dine Djouma;Achraf Hakimi;3;4;2025;;
Michel Tobo;Lamine Yamal;3;4;2025;;
Rashneel Kumar Madhur;Kylian Mbappé;3;4;2025;;
David Goldberg;Lamine Yamal;3;4;2025;;
Malick Traoré;Achraf Hakimi;3;4;2025;;
Robert Matteoni;Vitinha;3;4;2025;;
Yasiel Cancio;Lamine Yamal;3;4;2025;;
Carl Ruiter;Pedri;3;4;2025;;
Andreas Violaris;Ousmane Dembélé;3;4;2025;;
Jan Palička;Ousmane Dembélé;3;4;2025;;
Klaus Egelund;Ousmane Dembélé;3;4;2025;;
Yacin Ahmed Moussa;Kylian Mbappé;3;4;2025;;
Garvin Richards;Lamine Yamal;3;4;2025;;
Jorge Rolando `;Cole Palmer;3;4;2025;;
Tito Rosales Cox;Nuno Mendes;3;4;2025;;
Hady Elmadany;Ousmane Dembélé;3;4;2025;;
Josué Valiente;Lamine Yamal;3;4;2025;;
John Cross;Lamine Yamal;3;4;2025;;
Yolanda Aseco Esono Mangue;Raphinha;3;4;2025;;
Michael Seium;Achraf Hakimi;3;4;2025;;
Aet Süvari;Lamine Yamal;3;4;2025;;
Ashmond Innocent Nzima;Ousmane Dembélé;3;4;2025;;
Hussen Abdulkeni;Lamine Yamal;3;4;2025;;
Símun Christian Olsen;Ousmane Dembélé;3;4;2025;;
Anssi Karjalainen;Raphinha;3;4;2025;;
Cyrille De La Morinerie;Lamine Yamal;3;4;2025;;
Momodou Bah;Achraf Hakimi;3;4;2025;;
Namuka Kvaratskhelia;Kylian Mbappé;3;4;2025;;
Georg Holzner;Vitinha;3;4;2025;;
Gary Al-Smith;Lamine Yamal;3;4;2025;;
Stephen Ignacio;Lamine Yamal;3;4;2025;;
Nikolaos Kotsis;Lamine Yamal;3;4;2025;;
Michael Bascombe;Harry Kane;3;4;2025;;
Joseph Santo Tomas;Kylian Mbappé;3;4;2025;;
Carlos Marín;Mohamed Salah;3;4;2025;;
Alpha Mady Touré;Achraf Hakimi;3;4;2025;;
Rawle Toney;Kylian Mbappé;3;4;2025;;
Lutherson Léon;Mohamed Salah;3;4;2025;;
Gonzalo Carías;Lamine Yamal;3;4;2025;;
Ho Yin Kwok;Ousmane Dembélé;3;4;2025;;
György Szöllösi;Lamine Yamal;3;4;2025;;
Vidir Sigurdsson;Lamine Yamal;3;4;2025;;
Dhiman Sarkar;Raphinha;3;4;2025;;
Muhamad Rais Adnan;Lamine Yamal;3;4;2025;;
Masoud Hossein;Nuno Mendes;3;4;2025;;
Arshed Alsaedi;Achraf Hakimi;3;4;2025;;
Uri Dagon;Lamine Yamal;3;4;2025;;
Pierluigi Pardo;Lamine Yamal;3;4;2025;;
Brian Lewis;Lamine Yamal;3;4;2025;;
Hideo Tamaru;Mohamed Salah;3;4;2025;;
Taiser Alomiri;Ousmane Dembélé;3;4;2025;;
Geniy Tulegenov;Ousmane Dembélé;3;4;2025;;
Eric Njiru;Ousmane Dembélé;3;4;2025;;
Gun Lee;Harry Kane;3;4;2025;;
Lavdim Pireva;Lamine Yamal;3;4;2025;;
Abdulaziz Jassim;Mohamed Salah;3;4;2025;;
Bakyt Shukuraliev;Raphinha;3;4;2025;;
Ekasanh Thipphachack;Lamine Yamal;3;4;2025;;
Ilvars Koscinkevics;Lamine Yamal;3;4;2025;;
Hachem Makkeh;Achraf Hakimi;3;4;2025;;
Moorosi Simon Tsiane;Lamine Yamal;3;4;2025;;
Anthony Kokoi;Ousmane Dembélé;3;4;2025;;
Haithem Elamari;Ousmane Dembélé;3;4;2025;;
Jan Stärker;Achraf Hakimi;3;4;2025;;
Mindaugas Augustis;Raphinha;3;4;2025;;
Christelle Diederich;Ousmane Dembélé;3;4;2025;;
Samson Randrianiheriniaina;Ousmane Dembélé;3;4;2025;;
Peter Kanjere;Achraf Hakimi;3;4;2025;;
Ajitpal Singh Dhaliwal;Ousmane Dembélé;3;4;2025;;
Azzam Ali;Raphinha;3;4;2025;;
Boubacar Diakite;Achraf Hakimi;3;4;2025;;
Domenic Aquilina;Mohamed Salah;3;4;2025;;
Brahim Sow Deïna;Ousmane Dembélé;3;4;2025;;
Francisco Javier González;Vitinha;3;4;2025;;
Alexandru Fosa;Kylian Mbappé;3;4;2025;;
Enkhtuvshin Tserensodnom;Harry Kane;3;4;2025;;
Danilo Mitrovic;Ousmane Dembélé;3;4;2025;;
Basil Chambers;Kylian Mbappé;3;4;2025;;
Jalal Bounouar;Ousmane Dembélé;3;4;2025;;
João Arnaldo Carlija Chivale;Achraf Hakimi;3;4;2025;;
Sheefeni Nikodemus;Raphinha;3;4;2025;;
Bikram Thapa;Lamine Yamal;3;4;2025;;
Jaap De Groot;Lamine Yamal;3;4;2025;;
Martin Charmasson;Achraf Hakimi;3;4;2025;;
Michael Burgess;Lamine Yamal;3;4;2025;;
Jose Nectali Mora Zeledon;Mohamed Salah;3;4;2025;;
Abdel Malik Koudizé;Achraf Hakimi;3;4;2025;;
Oluwashina Okeleji;Achraf Hakimi;3;4;2025;;
Igor Panevski;Lamine Yamal;3;4;2025;;
Mark Mcintosh;Nuno Mendes;3;4;2025;;
Morten Pedersen;Lamine Yamal;3;4;2025;;
Nasser Darwish;Raphinha;3;4;2025;;
Chaudhry Muhammad Ashraf;Lamine Yamal;3;4;2025;;
Majdi Qasem;Mohamed Salah;3;4;2025;;
David Samudio Garay;Lamine Yamal;3;4;2025;;
Patricia Keamo;Cole Palmer;3;4;2025;;
Edgar Cantero;Lamine Yamal;3;4;2025;;
Pedro Eduardo Canelo Quispe;Lamine Yamal;3;4;2025;;
Ryan Fenix;Raphinha;3;4;2025;;
Michal Pol;Lamine Yamal;3;4;2025;;
Vítor Serpa;Pedri;3;4;2025;;
Esteban Pagán Rivera;Raphinha;3;4;2025;;
Ali Almslmani;Ousmane Dembélé;3;4;2025;;
Philip Quinn;Mohamed Salah;3;4;2025;;
Theodor Jumatate;Lamine Yamal;3;4;2025;;
Oleg Koshelev;Raphinha;3;4;2025;;
Eddie Nsabimana;Lamine Yamal;3;4;2025;;
Elia Gorini;Achraf Hakimi;3;4;2025;;
Sultan Almohawes;Lamine Yamal;3;4;2025;;
Scott Mcdermott;Ousmane Dembélé;3;4;2025;;
Thierno Souleymane Diallo;Achraf Hakimi;3;4;2025;;
Milan Rasevic;Mohamed Salah;3;4;2025;;
Sahr Morris Jr;Achraf Hakimi;3;4;2025;;
David Lee;Lamine Yamal;3;4;2025;;
Michal Zeman;Nuno Mendes;3;4;2025;;
Anze Baselj;Harry Kane;3;4;2025;;
Crofton Utukana;Ousmane Dembélé;3;4;2025;;
Gamadiid Guurre;Ousmane Dembélé;3;4;2025;;
Robert Marawa;Achraf Hakimi;3;4;2025;;
Albino Kuek Deng Kuach;Nuno Mendes;3;4;2025;;
Juan Ignacio Gallardo;Lamine Yamal;3;1;2025;;
Neville Victor Anthony;Vitinha;3;4;2025;;
Terry Finisterre;Harry Kane;3;4;2025;;
Tahir Salih;Achraf Hakimi;3;4;2025;;
Desney Romeo;Nuno Mendes;3;4;2025;;
Simon Bank;Lamine Yamal;3;4;2025;;
Tobias Wedermann;Mohamed Salah;3;4;2025;;
Mohamad Nadim Aljabi;Raphinha;3;4;2025;;
Olivier Huc;Vitinha;3;4;2025;;
Faridun Saliev;Achraf Hakimi;3;4;2025;;
Evance Joseph Mhando;Achraf Hakimi;3;4;2025;;
Kim Junumporn;Vitinha;3;4;2025;;
Kodjo Sedem Gounoubou;Pedri;3;4;2025;;
Justin Akauola;Cole Palmer;3;4;2025;;
Ian Prescott;Lamine Yamal;3;4;2025;;
Tarek Ghdiri;Achraf Hakimi;3;4;2025;;
Serkan Saydam;Achraf Hakimi;3;4;2025;;
Alexander Vershinin;Pedri;3;4;2025;;
Mayamba Stephen;Vitinha;3;4;2025;;
Valerii Novobranets;Lamine Yamal;3;4;2025;;
Omran Mohamed;Lamine Yamal;3;4;2025;;
Rómulo Martínez Chenlo;Vitinha;3;4;2025;;
Amara Gilbert;Ousmane Dembélé;3;4;2025;;
Douglas Mcintyre;Ousmane Dembélé;3;4;2025;;
Davron Fayziev;Lamine Yamal;3;4;2025;;
Humberto Perozo Suárez;Raphinha;3;4;2025;;
Minh Viet Nguyen;Lamine Yamal;3;4;2025;;
Paul Abbandonato;Lamine Yamal;3;4;2025;;
Basheer Senan;Raphinha;3;4;2025;;
Elias Chipepo;Achraf Hakimi;3;4;2025;;
Sikhumbuzo Moyo;Lamine Yamal;3;4;2025;;
Sharif Mukhammad;Kylian Mbappé;1;4;2025;;
Berat Djimsiti;Harry Kane;1;4;2025;;
Riyad Mahrez;Kylian Mbappé;1;4;2025;;
Roy Ledoux;Kylian Mbappé;1;4;2025;;
Marc Pujol Pons;Achraf Hakimi;1;4;2025;;
Fredy Ribeiro;Vitinha;1;4;2025;;
Germain Hughes;Kylian Mbappé;1;4;2025;;
Luther Wildin;Harry Kane;1;4;2025;;
Lionel Messi;Lamine Yamal;1;4;2025;;
Esuard Spertsian;Kylian Mbappé;1;4;2025;;
Matthew Robert Lentink;Lamine Yamal;1;4;2025;;
Mathew Ryan;Kylian Mbappé;1;4;2025;;
David Alaba;Ousmane Dembélé;1;4;2025;;
Emin Makhmudov;Lamine Yamal;1;4;2025;;
Vance Wheaton;Achraf Hakimi;1;4;2025;;
Sayed Dhiya;Ousmane Dembélé;1;4;2025;;
Jamal Bhuyan;Lamine Yamal;1;4;2025;;
Andre Applewhaite;Vitinha;1;4;2025;;
Alexander Martynovich;Vitinha;1;4;2025;;
Youri Tielemans;Vitinha;1;4;2025;;
Steve Mounie;Achraf Hakimi;1;4;2025;;
Dante Leverock;Lamine Yamal;1;4;2025;;
Nima Wangdi;Ousmane Dembélé;1;4;2025;;
Luis Haquin;Harry Kane;1;4;2025;;
Edin Dzeko;Mohamed Salah;1;4;2025;;
Kabelo Seakanyeng;Ousmane Dembélé;1;4;2025;;
Marcos Aoás Corrêa;Achraf Hakimi;1;2;2025;;
Tsharne Gallimore;Vitinha;1;4;2025;;
Muhammad Azwan Ali Rahman;Vitinha;1;4;2025;;
Kiril Despodov;Harry Kane;1;4;2025;;
Bertrand Traoré;Vitinha;1;4;2025;;
Frederic Nsabiyumva;  Achraf Hakimi ;1;4;2025;;
Ryan Isaac Mendes;  Achraf Hakimi ;1;4;2025;;
Krya Saret;  Nuno Mendes ;1;4;2025;;
Alphonso Davies;  Lamine Yamal ;1;4;2025;;
Dandre Rowe;   Raphinha ;1;4;2025;;
Cherubin Bassé;  Achraf Hakimi ;1;4;2025;;
Marius Mouandilmadji; Kylian Mbappé ;1;4;2025;;
Gabriel Suazo;  Nuno Mendes ;1;4;2025;;
Yuning Zhang;  Harry Kane ;1;4;2025;;
Po Liang Chen;  Achraf Hakimi ;1;4;2025;;
James Rodríguez;  Lamine Yamal ;1;4;2025;;
Youssouf Mchangama;  Lamine Yamal ;1;4;2025;;
Bérenger Richy Itoua;  Nuno Mendes ;1;4;2025;;
Chancel Mbemba;    Vitinha ;1;4;2025;;
Thane Pora Vogel Beal;   Raphinha ;1;4;2025;;
Francisco Calvo;  Lamine Yamal ;1;4;2025;;
Luka Modric;  Lamine Yamal ;1;4;2025;;
Luis Javier Paradela Diaz;   Raphinha ;1;4;2025;;
Kostakis Artymatas;  Lamine Yamal ;1;4;2025;;
Tomas Soucek;    Vitinha ;1;4;2025;;
Pierre Emile Højbjerg;  Harry Kane ;1;4;2025;;
Idriss Blha;    Vitinha ;1;4;2025;;
Travist Joseph;Ousmane Dembélé ;1;4;2025;;
Jean Carlos López Mocoso;  Lamine Yamal ;1;4;2025;;
Enner Valencia Lastra;  Lamine Yamal ;1;4;2025;;
Mohamed Salah; Kylian Mbappé ;1;4;2025;;
Julio Sibrian;  Nuno Mendes ;1;4;2025;;
Harry Kane; Mohamed Salah ;1;4;2025;;
Karol Mets;   Raphinha ;1;4;2025;;
Lindo Thembinkosi Mkhonta; Kylian Mbappé ;1;4;2025;;
Hayder Sherefa;    Pedri ;1;4;2025;;
Hallur Hansson;  Lamine Yamal ;1;4;2025;;
Roy Krishna;  Lamine Yamal ;1;4;2025;;
Lukas Hradecky;  Achraf Hakimi ;1;4;2025;;
Bruno Ecuele Manga;Mohamed Salah;1;4;2025;;
Omar Colley;Nuno Mendes;1;4;2025;;
Guram Kashia;Vitinha;1;4;2025;;
Joshua Kimmich;Pedri;1;4;2025;;
Jordan Ayew;Ousmane Dembélé;1;4;2025;;
Graeme Torrilla;Lamine Yamal;1;4;2025;;
Anastasios Bakasetas;Vitinha;1;4;2025;;
Regan Charles-Cook;Vitinha;1;4;2025;;
Jason Ryan Quitugua Cunliffe;Raphinha;1;4;2025;;
José Carlos Pinto Samayoa;Lamine Yamal;1;4;2025;;
Issiaga Sylla;Achraf Hakimi;1;4;2025;;
Jorge Nogueira;Vitinha;1;4;2025;;
Antony Lozano Colon;Lamine Yamal;1;4;2025;;
Hung Fai Yaap;Cole Palmer;1;4;2025;;
Dominik Szoboszlai;Kylian Mbappé;1;4;2025;;
Orri Óskarsson;Raphinha;1;4;2025;;
Gurpreet Singh Sandhu;Lamine Yamal;1;4;2025;;
Jay Idzes;Vitinha;1;4;2025;;
Alireza Jahanbakhsh;Vitinha;1;4;2025;;
Jalal Hasan Hachim;Achraf Hakimi;1;4;2025;;
Eliezer Dasa;Lamine Yamal;1;4;2025;;
Gianluigi Donnarumma;Lamine Yamal;1;4;2025;;
Wataru Endo;Nuno Mendes;1;4;2025;;
Ehsan Haddad;Vitinha;1;4;2025;;
Nuraly Alip;Raphinha;1;4;2025;;
Michael Olunga Ogada;Vitinha;1;4;2025;;
Jang Kuk Chol;Raphinha;1;4;2025;;
Heung Min Son;Lamine Yamal;1;4;2025;;
Amir Rrahmani;Lamine Yamal;1;4;2025;;
Khaled Alrashidi;Raphinha;1;4;2025;;
Kichin Valerii;Kylian Mbappé;1;4;2025;;
Bounphachan Bounkong;Ousmane Dembélé;1;4;2025;;
Kristers Tobers;Vitinha;1;4;2025;;
Mohamad Haidar;Pedri;1;4;2025;;
Sekhoane Benedict Moerane;Lamine Yamal;1;4;2025;;
Murad Al-Wuheeshi;Mohamed Salah;1;4;2025;;
Nicolas Hasler;Vitinha;1;4;2025;;
Fedor Cernych;Raphinha;1;4;2025;;
Laurent Jans;Harry Kane;1;4;2025;;
Man Chan;Harry Kane;1;4;2025;;
Rayan Raveloson;Achraf Hakimi;1;4;2025;;
Richard Mbulu;Kylian Mbappé;1;4;2025;;
Matthew Davies;Ousmane Dembélé;1;4;2025;;
Samooh Ali;Mohamed Salah;1;4;2025;;
Yves Bissouma;Raphinha;1;4;2025;;
Matthew Guillaumier;Lamine Yamal;1;4;2025;;
Aly Abeid;Lamine Yamal;1;4;2025;;
Lindsay Rose;Nuno Mendes;1;4;2025;;
Edson Omar Alvarez Velazquez;Kylian Mbappé;1;4;2025;;
Rata Vadim;Vitinha;1;4;2025;;
Tsendayush Khurelbaatar;Harry Kane;1;4;2025;;
Stevan Jovetic;Ousmane Dembélé;1;4;2025;;
Brandon Comley;Raphinha;1;4;2025;;
Achraf Hakimi;Raphinha;1;4;2025;;
Elias Pelembe;Vitinha;1;4;2025;;
Mg Mg Lwin;Lamine Yamal;1;4;2025;;
Riaan Hanamub;Achraf Hakimi;1;4;2025;;
Kiran Chemjong;Lamine Yamal;1;4;2025;;
Virgil Van Dijk;Nuno Mendes;1;4;2025;;
Morgan Mathelon;Achraf Hakimi;1;4;2025;;
Chris Wood;Mohamed Salah;1;4;2025;;
Juan Barrera;Lamine Yamal;1;4;2025;;
Youssouf Oumarou Aliou;Vitinha;1;4;2025;;
William Ekong;Lamine Yamal;1;4;2025;;
Enis Bardhi;Nuno Mendes;1;4;2025;;
Conor Bradley;Ousmane Dembélé;1;4;2025;;
Martin Odegaard;Harry Kane;1;4;2025;;
Fayiz Alrushaidi;Ousmane Dembélé;1;4;2025;;
Abdullah Iqbal;Lamine Yamal;1;4;2025;;
Musab Battat;Kylian Mbappé;1;4;2025;;
Aníbal Godoy;Vitinha;1;4;2025;;
Raymond Gunemba;Harry Kane;1;4;2025;;
Gustavo Gomez;Kylian Mbappé;1;4;2025;;
Pedro Gallese;Pedri;1;4;2025;;
Amani Aguinaldo;Lamine Yamal;1;4;2025;;
Robert Lewandowski;Pedri;1;2;2025;;
Bernardo Silva;Ousmane Dembélé;1;4;2025;;
Leandro Antonetti;Kylian Mbappé;1;4;2025;;
Hassan Alhaydos;Pedri;1;4;2025;;
Nathan Collins;Kylian Mbappé;1;4;2025;;
Ianis Hagi;Ousmane Dembélé;1;4;2025;;
Aleksandr Golovin;Ousmane Dembélé;1;4;2025;;
Bizimana Djihad;Lamine Yamal;1;4;2025;;
Andrew Setefano;Harry Kane;1;4;2025;;
Matteo Vitaioli;Ousmane Dembélé;1;4;2025;;
Joel Neves;Vitinha;1;4;2025;;
Salem Aldawsari;Mohamed Salah;1;4;2025;;
Andrew Robertson;Nuno Mendes;1;4;2025;;
Kalidou Koulibaly;Lamine Yamal;1;4;2025;;
Aleksandar Mitrovic;Vitinha;1;4;2025;;
Elie Nelson Jr Sopha;Achraf Hakimi;1;4;2025;;
Mustapha Bundu;Lamine Yamal;1;4;2025;;
Hariss Harun;Vitinha;1;4;2025;;
Milan Škriniar;Vitinha;1;4;2025;;
Jan Oblak;Lamine Yamal;1;4;2025;;
Javin Alick;Ousmane Dembélé;1;4;2025;;
Abdulsamed Abdullahi;Raphinha;1;4;2025;;
Ronwen Williams;Achraf Hakimi;1;4;2025;;
Atir Thomas Tom Magor;Kylian Mbappé;1;4;2025;;
Unai Simon Mendibil;Nuno Mendes;1;4;2025;;
Sujan Perera;Kylian Mbappé;1;4;2025;;
Julani Archibald;Harry Kane;1;4;2025;;
Oalex Anderson;Vitinha;1;4;2025;;
Dion Malone;Achraf Hakimi;1;4;2025;;
Victor Lindelof;Vitinha;1;4;2025;;
Granit Xhaka;Lamine Yamal;1;4;2025;;
Omar Khrbin;Achraf Hakimi;1;4;2025;;
Teaonui Tehau;Ousmane Dembélé;1;4;2025;;
Akhtam Nazarov;Achraf Hakimi;1;4;2025;;
Mbwana Samatta;Lamine Yamal;1;4;2025;;
Chanathip Songkrasin;Lamine Yamal;1;4;2025;;
Gali Freitas;Nuno Mendes;1;4;2025;;
Dakonam Ortega Djene;Lamine Yamal;1;4;2025;;
Hemaloto Polovili;Pedri;1;4;2025;;
Kevin Molino;Pedri;1;4;2025;;
Ferjani Sassi;Ousmane Dembélé;1;4;2025;;
Hakan Calhanoglu;Achraf Hakimi;1;4;2025;;
Elman Tagayev;Mohamed Salah;1;4;2025;;
Makenson Cadet;Achraf Hakimi;1;4;2025;;
Aucho Khalid;Mohamed Salah;1;4;2025;;
Mykola Matviyenko;Harry Kane;1;4;2025;;
Khaseif Ali;Harry Kane;1;4;2025;;
Jose Gimenez;Raphinha;1;4;2025;;
Joshua Ramos;Cole Palmer;1;4;2025;;
Tim Ream;Nuno Mendes;1;4;2025;;
Eldor Shomurodov;Lamine Yamal;1;4;2025;;
Michel Kalmalap Coulon;Raphinha;1;4;2025;;
Salomón Rondón;Harry Kane;1;4;2025;;
Manh Do;Nuno Mendes;1;4;2025;;
Aaron Ramsey;Vitinha;1;4;2025;;
Harwan Alzubaidi;Lamine Yamal;1;4;2025;;
Lubambo Musonda;Kylian Mbappé;1;4;2025;;
Elias Ahmad Manouchehr;Mohamed Salah;1;4;2025;;
Sylvio Mendes Campos Júnior;Raphinha;1;4;2025;;
Vladimir Petkovic;Harry Kane;1;4;2025;;
Travis Sinapati;Cole Palmer;1;4;2025;;
Koldo Alvarez De Eulate;Ousmane Dembélé;1;4;2025;;
Patrice Alain Marie Beaumelle;Lamine Yamal;1;4;2025;;
Cleo Hamm;Harry Kane;1;4;2025;;
Lionel Scaloni;Lamine Yamal;1;4;2025;;
Melikian Iegishe;Vitinha;1;4;2025;;
Marvic Bermudez;Lamine Yamal;1;4;2025;;
Tony Popovic;Vitinha;1;4;2025;;
Ralf Rangnick;Kylian Mbappé;1;4;2025;;
Aykhan Abbasov;Mohamed Salah;1;4;2025;;
Dragan Talajic;Mohamed Salah;1;4;2025;;
Javier Cabrera;Vitinha;1;4;2025;;
Kent Edward Hall;Raphinha;1;4;2025;;
Carlos Alos Ferrer;Pedri;1;4;2025;;
Rudi Garcia;Vitinha;1;4;2025;;
Philip Elexious Marin;Ousmane Dembélé;1;4;2025;;
Gernot Rohr;Harry Kane;1;4;2025;;
Michael Findlay;Mohamed Salah;1;4;2025;;
Atsushi Nakamura;Nuno Mendes;1;4;2025;;
Oscar Villegas;Raphinha;1;4;2025;;
Sergej Barbarez;Kylian Mbappé;1;4;2025;;
Morena Ramoreboli;Lamine Yamal;1;4;2025;;
Carlo Ancelotti;Kylian Mbappé;1;4;2025;;
David Pérez Asensio;Kylian Mbappé;1;4;2025;;
Fabio Joaquim Maciel Da Silva;Lamine Yamal;1;4;2025;;
Aleksandar Dimitrov;Ousmane Dembélé;1;4;2025;;
Brama Traoré;Lamine Yamal;1;4;2025;;
Patrick Sangwa Mayani;Kylian Mbappé;1;4;2025;;
Pedro Leitão Brito;Nuno Mendes;1;4;2025;;
Koji Gyotoku;Lamine Yamal;1;4;2025;;
Martin Felix Ndtoungou Mpile;Harry Kane;1;4;2025;;
Jesse Marsch;Lamine Yamal;1;4;2025;;
Colin Rowe;Raphinha;1;4;2025;;
Eloge Enza-Yamissi;Achraf Hakimi;1;4;2025;;
Raoul Savoy;Lamine Yamal;1;4;2025;;
Nicolas Córdova;Ousmane Dembélé;1;4;2025;;
Jiayi Shao;Raphinha;1;4;2025;;
Matthew Barry Ross;Ousmane Dembélé;1;4;2025;;
Néstor Lorenzo;Ousmane Dembélé;1;4;2025;;
Stefano Cusin;Lamine Yamal;1;4;2025;;
Fabrizio Cesana;Lamine Yamal;1;4;2025;;
Sébastien Desabre;Mohamed Salah;1;4;2025;;
Tuka Tisam;Vitinha;1;4;2025;;
Miguel Herrera Aguirre;Achraf Hakimi;1;4;2025;;
Emerse Fae;Vitinha;1;4;2025;;
Zlatko Dalić;Pedri;1;4;2025;;
Pedro Pablo Pereira Mesa;Mohamed Salah;1;4;2025;;
Dean Gorre;Harry Kane;1;4;2025;;
Apostolos Mantzios;Raphinha;1;4;2025;;
Jaroslav Köstl;Vitinha;1;4;2025;;
Brian Riemer;Lamine Yamal;1;4;2025;;
Stéphane Nado;Nuno Mendes;1;4;2025;;
Ellington Sabin;Vitinha;1;4;2025;;
Marcelo Neveleff;Mohamed Salah;1;4;2025;;
Sebastián Beccacece;Vitinha;1;4;2025;;
Hossam Hassan;Kylian Mbappé;1;4;2025;;
Hernán Gomez;Harry Kane;1;4;2025;;
Thomas Tuchel;Ousmane Dembélé;1;4;2025;;
Juan Micha Obiang Bicogo;Vitinha;1;4;2025;;
Jürgen Henn;Vitinha;1;4;2025;;
Sifiso Ntibane;Achraf Hakimi;1;4;2025;;
Mesay Teferi Kassa;Mohamed Salah;1;4;2025;;
Eydun Klakstein;Vitinha;1;4;2025;;
Stephane Auvray;Kylian Mbappé;1;4;2025;;
Jacob Friis;Kylian Mbappé;1;4;2025;;
Didier Deschamps;Achraf Hakimi;1;4;2025;;
Johnathan Mckinstry;Ousmane Dembélé;1;4;2025;;
Willy Sagnol;Achraf Hakimi;1;4;2025;;
Julian Nagelsmann;Harry Kane;1;4;2025;;
Nana Otto Addo;Achraf Hakimi;1;4;2025;;
Scott Wiseman;Vitinha;1;4;2025;;
Ivan Jovanovic;Harry Kane;1;4;2025;;
Anthony Modeste;Achraf Hakimi;1;4;2025;;
Ross Michael Awa;Ousmane Dembélé;1;4;2025;;
Luis Fernando Tena Garduño;Mohamed Salah;1;4;2025;;
Duarte Paulo;Achraf Hakimi;1;4;2025;;
Emiliano Te;Achraf Hakimi;1;4;2025;;
Thomas Dooley;Kylian Mbappé;1;4;2025;;
Sébastien Migné;Ousmane Dembélé;1;4;2025;;
Reinaldo Rueda Rivera;Cole Palmer;1;4;2025;;
Ashley Westwood;Harry Kane;1;4;2025;;
Marco Rossi;Vitinha;1;4;2025;;
Arnar Gunnlaugsson;Kylian Mbappé;1;4;2025;;
Khalid Jamil;Nuno Mendes;1;4;2025;;
Nova Arianto;Lamine Yamal;1;4;2025;;
Ardeshir Ghalenoei;Vitinha;1;4;2025;;
Graham Arnold;Kylian Mbappé;1;4;2025;;
Ran Ben Simon;Raphinha;1;4;2025;;
Gennaro Gattuso;Mohamed Salah;1;4;2025;;
Hajime Moriyasu;Achraf Hakimi;1;4;2025;;
Jamal Sellami;Ousmane Dembélé;1;4;2025;;
Talgat Baisufinov;Lamine Yamal;1;4;2025;;
Benni Mccarthy;Raphinha;1;4;2025;;
Yun Jong Su;Ousmane Dembélé;1;4;2025;;
Myung Bo Hong;Vitinha;1;4;2025;;
Franco Foda;Harry Kane;1;4;2025;;
Hélio Filipe Dias De Sousa;Nuno Mendes;1;4;2025;;
Urmat Abdukaimov;Raphinha;1;4;2025;;
Hyeokjun Ha;Harry Kane;1;4;2025;;
Paolo Nicolato;Pedri;1;4;2025;;
Miodrag Radulovic;Lamine Yamal;1;4;2025;;
Leslie Notsi;Lamine Yamal;1;4;2025;;
Alejo Cissé;Pedri;1;4;2025;;
Konrad Fünfstück;Kylian Mbappé;1;4;2025;;
Edgaras Jankauskas;Vitinha;1;4;2025;;
Jeff Strasser;Vitinha;1;4;2025;;
Kenneth Kar Lok Kwok;Harry Kane;1;4;2025;;
Corentin Martins;Vitinha;1;4;2025;;
Kalisto Pasuwa;Mohamed Salah;1;4;2025;;
Peter Cklamovski;Ousmane Dembélé;1;4;2025;;
Mohamed Siyaz;Raphinha;1;4;2025;;
Tom Saintfiet;Ousmane Dembélé;1;4;2025;;
Emilio De Leo;Kylian Mbappé;1;4;2025;;
Aritz López Garay;Achraf Hakimi;1;4;2025;;
Guillaume Moullec;Vitinha;1;4;2025;;
Javier Aguirre Onaindia;Achraf Hakimi;1;4;2025;;
Lilian Popescu;Mohamed Salah;1;4;2025;;
Garidmagnai Bayasgalan;Ousmane Dembélé;1;4;2025;;
Mirko Vučinić;Harry Kane;1;4;2025;;
Angus Eve;Harry Kane;1;4;2025;;
Hoalid Regragui;Lamine Yamal;1;4;2025;;
Francisco Queriol Conde Junior;Kylian Mbappé;1;4;2025;;
Myo Hlaing Win;Lamine Yamal;1;4;2025;;
Collin Benjamin;Lamine Yamal;1;4;2025;;
Hari Khadka;Lamine Yamal;1;4;2025;;
Ronald Koeman;Pedri;1;4;2025;;
Johan Sidaner;Achraf Hakimi;1;4;2025;;
Darren Bazeley;Kylian Mbappé;1;4;2025;;
Marco Figueroamontero;Raphinha;1;4;2025;;
Zakariaou Ibrahim;Lamine Yamal;1;4;2025;;
Blagoja Milevski;Lamine Yamal;1;4;2025;;
Michael Oneill;Harry Kane;1;4;2025;;
Ståle Solbakken;Lamine Yamal;1;4;2025;;
Carlos Queiroz;Lamine Yamal;1;4;2025;;
Nolberto Albino Solano Todco;Harry Kane;1;4;2025;;
Ehab Abu Jazar;Achraf Hakimi;1;4;2025;;
Thomas Christiansen Tarin;Lamine Yamal;1;4;2025;;
David Muta;Harry Kane;1;4;2025;;
Gustavo Alfaro;Pedri;1;4;2025;;
Manuel Barreto;Achraf Hakimi;1;4;2025;;
Carles Cuadrat;Mohamed Salah;1;4;2025;;
Jan Urban;Vitinha;1;4;2025;;
Roberto Martinez;Lamine Yamal;1;4;2025;;
Charlie Trout;Ousmane Dembélé;1;4;2025;;
Julen Lopetegui;Pedri;1;4;2025;;
Heimir Hallgrimsson;Nuno Mendes;1;4;2025;;
Mircea Lucescu;Kylian Mbappé;1;4;2025;;
Valeri Karpin;Ousmane Dembélé;1;4;2025;;
Adel Amrouche;Mohamed Salah;1;4;2025;;
Valerio Raccuglia;Cole Palmer;1;4;2025;;
Roberto Cevoli;Raphinha;1;4;2025;;
Ricardo Monsanto;Mohamed Salah;1;4;2025;;
Hervé Renard;Achraf Hakimi;1;4;2025;;
Steve Clarke;Mohamed Salah;1;4;2025;;
Pape Bouna Thiaw;Raphinha;1;4;2025;;
Veljko Paunovic;Nuno Mendes;1;4;2025;;
Ralph Jean-Louis;Lamine Yamal;1;4;2025;;
Mohamed Kallon;Mohamed Salah;1;4;2025;;
Gavin Lee;Lamine Yamal;1;4;2025;;
Francesco Calzona;Ousmane Dembélé;1;4;2025;;
Kek Matjaz;Vitinha;1;4;2025;;
Josh Smith;Harry Kane;1;4;2025;;
Yusuf Ali;Lamine Yamal;1;4;2025;;
Hugo Broos;Achraf Hakimi;1;4;2025;;
Simon James Yor Kak;Vitinha;1;4;2025;;
Luis De La Fuente Castillo;Kylian Mbappé;1;4;2025;;
Abdullah Almutairi;Pedri;1;4;2025;;
Travis Rogers;Ousmane Dembélé;1;4;2025;;
Stern John;Lamine Yamal;1;4;2025;;
Ezra Hendrickson;Kylian Mbappé;1;4;2025;;
James Appiah;Ousmane Dembélé;1;4;2025;;
Stanley Menzo;Lamine Yamal;1;4;2025;;
Graham Potter;Pedri;1;4;2025;;
Murat Yakin;Kylian Mbappé;1;4;2025;;
Jose Lana Fernández;Pedri;1;4;2025;;
Raimana Buluc;Achraf Hakimi;1;4;2025;;
Goran Stevanovic;Kylian Mbappé;1;4;2025;;
Miguel Angel Gamondi;Vitinha;1;4;2025;;
Anthony Hudson;Ousmane Dembélé;1;4;2025;;
José Pedro Alves Salazar;Lamine Yamal;1;4;2025;;
Daré Nibombe;Harry Kane;1;4;2025;;
Kilifi Solia Uele;Kylian Mbappé;1;4;2025;;
Dwight Yorke;Lamine Yamal;1;4;2025;;
Trabelsi Sami;Mohamed Salah;1;4;2025;;
Vincenzo Montella;Mohamed Salah;1;4;2025;;
Rovshen Meredov;Vitinha;1;4;2025;;
Aaron Lawrence;Lamine Yamal;1;4;2025;;
Put Paul Joseph F;Harry Kane;1;4;2025;;
Serhii Rebrov;Lamine Yamal;1;4;2025;;
Olaroiu Cosmin;Harry Kane;1;4;2025;;
Marcelo Bielsa;Pedri;1;4;2025;;
Terrence Jones;Achraf Hakimi;1;4;2025;;
Mauricio Pochettino;Harry Kane;1;4;2025;;
Fabio Cannavaro;Vitinha;1;4;2025;;
Lars Hopp;Mohamed Salah;1;4;2025;;
Oswaldo Vizcarrondo;Lamine Yamal;1;4;2025;;
Sang Sik Kim;Nuno Mendes;1;4;2025;;
Noureddine Ould Ali;Mohamed Salah;1;4;2025;;
Moses Sichone;Mohamed Salah;1;4;2025;;
Mario Marinica;Achraf Hakimi;1;4;2025;;
Sayer Zaland;Lamine Yamal;1;4;2025;;
Endi Tufa;Harry Kane;1;4;2025;;
Mohammed Rachid Belarbi;Vitinha;1;4;2025;;
Victor Duaso Saludas;Raphinha;1;4;2025;;
Geraldo Quiala;Ousmane Dembélé;1;4;2025;;
Claudio Mauri;Cole Palmer;1;4;2025;;
Robert Gasparyan;Ousmane Dembélé;1;4;2025;;
Andrew Vrolijk;Achraf Hakimi;1;4;2025;;
Vince Rugari;Lamine Yamal;1;4;2025;;
Stefan Grüneis;Lamine Yamal;1;4;2025;;
Rasim Mövsümov;Achraf Hakimi;1;4;2025;;
Abdulla Ashoor;Lamine Yamal;1;4;2025;;
Zaman Rejwan Uz;Mohamed Salah;1;4;2025;;
Sergey Nikolaev;Raphinha;1;4;2025;;
Terreur Kristof;Vitinha;1;4;2025;;
Mehluli Sibanda;Lamine Yamal;1;4;2025;;
Thinley Namgay;Cole Palmer;1;4;2025;;
Rainer Durán Urquizu;Mohamed Salah;1;4;2025;;
Emir Delić;Mohamed Salah;1;4;2025;;
Gaone Pearl Kerileng;Achraf Hakimi;1;4;2025;;
Carlos Eduardo Mansur;Ousmane Dembélé;1;4;2025;;
Boyan Boychev;Lamine Yamal;1;4;2025;;
Siriki Dramé;Ousmane Dembélé;1;4;2025;;
Liliane Nshimirimana;Pedri;1;4;2025;;
Chamroeun Ung;Lamine Yamal;1;4;2025;;
Angu Lesley Ngwa Akonwi;Kylian Mbappé;1;4;2025;;
Neil Davidson;Vitinha;1;4;2025;;
Bienvenu Elie Gbelo;Nuno Mendes;1;4;2025;;
Salahadine Mahamat Sabour;Lamine Yamal;1;4;2025;;
Danilo Díaz;Ousmane Dembélé;1;4;2025;;
Dexing Ma;Mohamed Salah;1;4;2025;;
Chihwei Hung;Nuno Mendes;1;4;2025;;
Fernando Diego Rueda Medina;Vitinha;1;4;2025;;
Elie-Dine Djouma;Mohamed Salah;1;4;2025;;
Michel Tobo;Pedri;1;4;2025;;
Rashneel Kumar Madhur;Lamine Yamal;1;4;2025;;
David Goldberg;Vitinha;1;4;2025;;
Malick Traoré;Vitinha;1;4;2025;;
Robert Matteoni;Lamine Yamal;1;4;2025;;
Yasiel Cancio;Vitinha;1;4;2025;;
Carl Ruiter;Lamine Yamal;1;4;2025;;
Andreas Violaris;Raphinha;1;4;2025;;
Jan Palička;Mohamed Salah;1;4;2025;;
Klaus Egelund;Vitinha;1;4;2025;;
Yacin Ahmed Moussa;Lamine Yamal;1;4;2025;;
Garvin Richards;Kylian Mbappé;1;4;2025;;
Jorge Rolando `;Harry Kane;1;4;2025;;
Tito Rosales Cox;Lamine Yamal;1;4;2025;;
Hady Elmadany;Lamine Yamal;1;4;2025;;
Josué Valiente;Pedri;1;4;2025;;
John Cross;Vitinha;1;4;2025;;
Yolanda Aseco Esono Mangue;Pedri;1;4;2025;;
Michael Seium;Raphinha;1;4;2025;;
Aet Süvari;Mohamed Salah;1;4;2025;;
Ashmond Innocent Nzima;Mohamed Salah;1;4;2025;;
Hussen Abdulkeni;Achraf Hakimi;1;4;2025;;
Símun Christian Olsen;Raphinha;1;4;2025;;
Anssi Karjalainen;Achraf Hakimi;1;4;2025;;
Cyrille De La Morinerie;Vitinha;1;4;2025;;
Momodou Bah;Vitinha;1;4;2025;;
Namuka Kvaratskhelia;Achraf Hakimi;1;4;2025;;
Georg Holzner;Nuno Mendes;1;4;2025;;
Gary Al-Smith;Achraf Hakimi;1;4;2025;;
Stephen Ignacio;Harry Kane;1;4;2025;;
Nikolaos Kotsis;Mohamed Salah;1;4;2025;;
Michael Bascombe;Kylian Mbappé;1;4;2025;;
Joseph Santo Tomas;Vitinha;1;4;2025;;
Carlos Marín;Lamine Yamal;1;4;2025;;
Alpha Mady Touré;Nuno Mendes;1;4;2025;;
Rawle Toney;Raphinha;1;4;2025;;
Lutherson Léon;Raphinha;1;4;2025;;
Gonzalo Carías;Vitinha;1;4;2025;;
Ho Yin Kwok;Achraf Hakimi;1;4;2025;;
György Szöllösi;Kylian Mbappé;1;4;2025;;
Vidir Sigurdsson;Mohamed Salah;1;4;2025;;
Dhiman Sarkar;Nuno Mendes;1;4;2025;;
Muhamad Rais Adnan;Kylian Mbappé;1;4;2025;;
Masoud Hossein;Vitinha;1;4;2025;;
Arshed Alsaedi;Lamine Yamal;1;4;2025;;
Uri Dagon;Nuno Mendes;1;4;2025;;
Pierluigi Pardo;Mohamed Salah;1;4;2025;;
Brian Lewis;Raphinha;1;4;2025;;
Hideo Tamaru;Raphinha;1;4;2025;;
Taiser Alomiri;Lamine Yamal;1;4;2025;;
Geniy Tulegenov;Kylian Mbappé;1;4;2025;;
Eric Njiru;Lamine Yamal;1;4;2025;;
Gun Lee;Mohamed Salah;1;4;2025;;
Lavdim Pireva;Kylian Mbappé;1;4;2025;;
Abdulaziz Jassim;Achraf Hakimi;1;4;2025;;
Bakyt Shukuraliev;Nuno Mendes;1;4;2025;;
Ekasanh Thipphachack;Harry Kane;1;4;2025;;
Ilvars Koscinkevics;Ousmane Dembélé;1;4;2025;;
Hachem Makkeh;Raphinha;1;4;2025;;
Moorosi Simon Tsiane;Kylian Mbappé;1;4;2025;;
Anthony Kokoi;Mohamed Salah;1;4;2025;;
Haithem Elamari;Kylian Mbappé;1;4;2025;;
Jan Stärker;Vitinha;1;4;2025;;
Mindaugas Augustis;Mohamed Salah;1;4;2025;;
Christelle Diederich;Vitinha;1;4;2025;;
Samson Randrianiheriniaina;Lamine Yamal;1;4;2025;;
Peter Kanjere;Vitinha;1;4;2025;;
Ajitpal Singh Dhaliwal;Vitinha;1;4;2025;;
Azzam Ali;Mohamed Salah;1;4;2025;;
Boubacar Diakite;Lamine Yamal;1;4;2025;;
Domenic Aquilina;Ousmane Dembélé;1;4;2025;;
Brahim Sow Deïna;Mohamed Salah;1;4;2025;;
Francisco Javier González;Lamine Yamal;1;4;2025;;
Alexandru Fosa;Cole Palmer;1;4;2025;;
Enkhtuvshin Tserensodnom;Kylian Mbappé;1;4;2025;;
Danilo Mitrovic;Cole Palmer;1;4;2025;;
Basil Chambers;Mohamed Salah;1;4;2025;;
Jalal Bounouar;Kylian Mbappé;1;4;2025;;
João Arnaldo Carlija Chivale;Lamine Yamal;1;4;2025;;
Sheefeni Nikodemus;Nuno Mendes;1;4;2025;;
Bikram Thapa;Nuno Mendes;1;4;2025;;
Jaap De Groot;Mohamed Salah;1;4;2025;;
Martin Charmasson;Raphinha;1;4;2025;;
Michael Burgess;Mohamed Salah;1;4;2025;;
Jose Nectali Mora Zeledon;Kylian Mbappé;1;4;2025;;
Abdel Malik Koudizé;Mohamed Salah;1;4;2025;;
Oluwashina Okeleji;Mohamed Salah;1;4;2025;;
Igor Panevski;Mohamed Salah;1;4;2025;;
Mark Mcintosh;Vitinha;1;4;2025;;
Morten Pedersen;Mohamed Salah;1;4;2025;;
Nasser Darwish;Lamine Yamal;1;4;2025;;
Chaudhry Muhammad Ashraf;Raphinha;1;4;2025;;
Majdi Qasem;Ousmane Dembélé;1;4;2025;;
David Samudio Garay;Kylian Mbappé;1;4;2025;;
Patricia Keamo;Mohamed Salah;1;4;2025;;
Edgar Cantero;Vitinha;1;4;2025;;
Pedro Eduardo Canelo Quispe;Raphinha;1;4;2025;;
Ryan Fenix;Mohamed Salah;1;4;2025;;
Michal Pol;Vitinha;1;4;2025;;
Vítor Serpa;Nuno Mendes;1;1;2025;;
Esteban Pagán Rivera;Lamine Yamal;1;4;2025;;
Ali Almslmani;Achraf Hakimi;1;4;2025;;
Philip Quinn;Nuno Mendes;1;4;2025;;
Theodor Jumatate;Mohamed Salah;1;4;2025;;
Oleg Koshelev;Mohamed Salah;1;4;2025;;
Eddie Nsabimana;Kylian Mbappé;1;4;2025;;
Elia Gorini;Vitinha;1;4;2025;;
Sultan Almohawes;Achraf Hakimi;1;4;2025;;
Scott Mcdermott;Harry Kane;1;4;2025;;
Thierno Souleymane Diallo;Kylian Mbappé;1;4;2025;;
Milan Rasevic;Kylian Mbappé;1;4;2025;;
Sahr Morris Jr;Lamine Yamal;1;4;2025;;
David Lee;Ousmane Dembélé;1;4;2025;;
Michal Zeman;Harry Kane;1;4;2025;;
Anze Baselj;Raphinha;1;4;2025;;
Crofton Utukana;Lamine Yamal;1;4;2025;;
Gamadiid Guurre;Kylian Mbappé;1;4;2025;;
Robert Marawa;Mohamed Salah;1;4;2025;;
Albino Kuek Deng Kuach;Achraf Hakimi;1;4;2025;;
Juan Ignacio Gallardo;Kylian Mbappé;1;4;2025;;
Neville Victor Anthony;Ousmane Dembélé;1;4;2025;;
Terry Finisterre;Kylian Mbappé;1;4;2025;;
Tahir Salih;Kylian Mbappé;1;4;2025;;
Desney Romeo;Achraf Hakimi;1;4;2025;;
Simon Bank;Pedri;1;4;2025;;
Tobias Wedermann;Vitinha;1;4;2025;;
Mohamad Nadim Aljabi;Achraf Hakimi;1;4;2025;;
Olivier Huc;Kylian Mbappé;1;4;2025;;
Faridun Saliev;Mohamed Salah;1;4;2025;;
Evance Joseph Mhando;Mohamed Salah;1;4;2025;;
Kim Junumporn;Raphinha;1;4;2025;;
Kodjo Sedem Gounoubou;Ousmane Dembélé;1;4;2025;;
Justin Akauola;Ousmane Dembélé;1;4;2025;;
Ian Prescott;Raphinha;1;4;2025;;
Tarek Ghdiri;Pedri;1;4;2025;;
Serkan Saydam;Lamine Yamal;1;4;2025;;
Alexander Vershinin;Cole Palmer;1;4;2025;;
Mayamba Stephen;Achraf Hakimi;1;4;2025;;
Valerii Novobranets;Harry Kane;1;4;2025;;
Omran Mohamed;Mohamed Salah;1;4;2025;;
Rómulo Martínez Chenlo;Achraf Hakimi;1;4;2025;;
Amara Gilbert;Cole Palmer;1;4;2025;;
Douglas Mcintyre;Raphinha;1;4;2025;;
Davron Fayziev;Raphinha;1;4;2025;;
Humberto Perozo Suárez;Lamine Yamal;1;4;2025;;
Minh Viet Nguyen;Cole Palmer;1;4;2025;;
Paul Abbandonato;Mohamed Salah;1;4;2025;;
Basheer Senan;Achraf Hakimi;1;4;2025;;
Elias Chipepo;Kylian Mbappé;1;4;2025;;
Sikhumbuzo Moyo;Nuno Mendes;1;4;2025;;
